minute_net_1_scores,minute_net_2_scores,minute_time,minute_mouse,minute_flx,minute_expDate
0.07553904,0.118373536,0,Mouse69061,1.0,110421
0.08184798,0.12872489,60,Mouse69061,1.0,110421
0.0730709,0.12315645,120,Mouse69061,1.0,110421
0.07326639,0.12041924,180,Mouse69061,1.0,110421
0.0721535,0.1217578,240,Mouse69061,1.0,110421
0.07707833,0.11739383,300,Mouse69061,1.0,110421
0.07137699,0.11113096,360,Mouse69061,1.0,110421
0.06910933,0.11035153,420,Mouse69061,1.0,110421
0.072576426,0.11382416,480,Mouse69061,1.0,110421
0.07498685,0.11953991,540,Mouse69061,1.0,110421
0.07500255,0.11507437,600,Mouse69061,1.0,110421
0.07550033,0.12053521,660,Mouse69061,1.0,110421
0.07606131,0.11832841,720,Mouse69061,1.0,110421
0.07379786,0.13595682,780,Mouse69061,1.0,110421
0.07450573,0.13948065,840,Mouse69061,1.0,110421
0.067672126,0.115496665,900,Mouse69061,1.0,110421
0.07364955,0.11614234,960,Mouse69061,1.0,110421
0.069266535,0.12168345,1020,Mouse69061,1.0,110421
0.073393054,0.12816961,1080,Mouse69061,1.0,110421
0.07243097,0.12414477,1140,Mouse69061,1.0,110421
0.069984116,0.110486574,1200,Mouse69061,1.0,110421
0.07889284,0.11668759,1260,Mouse69061,1.0,110421
0.07456049,0.12692052,1320,Mouse69061,1.0,110421
0.06858672,0.10113997,1380,Mouse69061,1.0,110421
0.06743349,0.112407334,1440,Mouse69061,1.0,110421
0.06707955,0.111726105,1500,Mouse69061,1.0,110421
0.0720137,0.12610222,1560,Mouse69061,1.0,110421
0.07287758,0.1436837,1620,Mouse69061,1.0,110421
0.0694295,0.117010534,1680,Mouse69061,1.0,110421
0.07069325,0.11027718,1740,Mouse69061,1.0,110421
0.07231049,0.11319588,1800,Mouse69061,1.0,110421
0.06894268,0.09902471,1860,Mouse69061,1.0,110421
0.06991117,0.10557783,1920,Mouse69061,1.0,110421
0.06688085,0.0953394,1980,Mouse69061,1.0,110421
0.07374147,0.12095849,2040,Mouse69061,1.0,110421
0.076765075,0.116075486,2100,Mouse69061,1.0,110421
0.07834057,0.14816989,2160,Mouse69061,1.0,110421
0.062308908,0.10144924,2220,Mouse69061,1.0,110421
0.06383677,0.103078514,2280,Mouse69061,1.0,110421
0.06971161,0.112259105,2340,Mouse69061,1.0,110421
0.061611883,0.09705384,2400,Mouse69061,1.0,110421
0.06534958,0.092868544,2460,Mouse69061,1.0,110421
0.070811726,0.09848502,2520,Mouse69061,1.0,110421
0.06619909,0.10065674,2580,Mouse69061,1.0,110421
0.06491295,0.09690031,2640,Mouse69061,1.0,110421
0.06808719,0.10919227,2700,Mouse69061,1.0,110421
0.06311231,0.095263675,2760,Mouse69061,1.0,110421
0.05987647,0.08687521,2820,Mouse69061,1.0,110421
0.06750684,0.10442762,2880,Mouse69061,1.0,110421
0.06697243,0.10291558,2940,Mouse69061,1.0,110421
0.066452414,0.10165207,3000,Mouse69061,1.0,110421
0.060445867,0.09399107,3060,Mouse69061,1.0,110421
0.06381021,0.11199424,3120,Mouse69061,1.0,110421
0.066675,0.10231866,3180,Mouse69061,1.0,110421
0.065775596,0.09747704,3240,Mouse69061,1.0,110421
0.06951829,0.10079424,3300,Mouse69061,1.0,110421
0.06633619,0.10184375,3360,Mouse69061,1.0,110421
0.06284313,0.09079507,3420,Mouse69061,1.0,110421
0.060596857,0.0971483,3480,Mouse69061,1.0,110421
0.06537469,0.10276557,3540,Mouse69061,1.0,110421
0.0811582,0.14012395,0,Mouse69061,0.0,110521
0.08049488,0.12760241,60,Mouse69061,0.0,110521
0.08456563,0.13926534,120,Mouse69061,0.0,110521
0.080321856,0.12932216,180,Mouse69061,0.0,110521
0.07784535,0.12656485,240,Mouse69061,0.0,110521
0.080535725,0.13966335,300,Mouse69061,0.0,110521
0.07857651,0.12757428,360,Mouse69061,0.0,110521
0.07384961,0.11923086,420,Mouse69061,0.0,110521
0.076128654,0.122494794,480,Mouse69061,0.0,110521
0.07561392,0.13179243,540,Mouse69061,0.0,110521
0.077464096,0.12701657,600,Mouse69061,0.0,110521
0.073734984,0.12909065,660,Mouse69061,0.0,110521
0.0712292,0.12004911,720,Mouse69061,0.0,110521
0.06832496,0.13504729,780,Mouse69061,0.0,110521
0.07314647,0.13809511,840,Mouse69061,0.0,110521
0.0767443,0.12693818,900,Mouse69061,0.0,110521
0.07810698,0.13945505,960,Mouse69061,0.0,110521
0.072524026,0.12821084,1020,Mouse69061,0.0,110521
0.07880584,0.13486736,1080,Mouse69061,0.0,110521
0.07595488,0.12899584,1140,Mouse69061,0.0,110521
0.068589136,0.12240862,1200,Mouse69061,0.0,110521
0.06816292,0.1119609,1260,Mouse69061,0.0,110521
0.07068343,0.11158326,1320,Mouse69061,0.0,110521
0.07096472,0.12888831,1380,Mouse69061,0.0,110521
0.06984407,0.11861252,1440,Mouse69061,0.0,110521
0.06894885,0.116632484,1500,Mouse69061,0.0,110521
0.07123827,0.11630005,1560,Mouse69061,0.0,110521
0.06903957,0.11764709,1620,Mouse69061,0.0,110521
0.070396595,0.11849007,1680,Mouse69061,0.0,110521
0.07517539,0.12580168,1740,Mouse69061,0.0,110521
0.0719336,0.1267051,1800,Mouse69061,0.0,110521
0.07036184,0.125056,1860,Mouse69061,0.0,110521
0.06503707,0.11177644,1920,Mouse69061,0.0,110521
0.06933027,0.12135011,1980,Mouse69061,0.0,110521
0.064767785,0.112226054,2040,Mouse69061,0.0,110521
0.070645794,0.12696189,2100,Mouse69061,0.0,110521
0.071904756,0.11569575,2160,Mouse69061,0.0,110521
0.07043775,0.13298042,2220,Mouse69061,0.0,110521
0.071126886,0.14811581,2280,Mouse69061,0.0,110521
0.0700033,0.14254315,2340,Mouse69061,0.0,110521
0.07173157,0.14580075,2400,Mouse69061,0.0,110521
0.06117133,0.12347369,2460,Mouse69061,0.0,110521
0.06791491,0.103265144,2520,Mouse69061,0.0,110521
0.07096873,0.11096067,2580,Mouse69061,0.0,110521
0.06660865,0.109338984,2640,Mouse69061,0.0,110521
0.07644438,0.118236355,2700,Mouse69061,0.0,110521
0.07721413,0.12254539,2760,Mouse69061,0.0,110521
0.074640945,0.11833276,2820,Mouse69061,0.0,110521
0.074590825,0.11768846,2880,Mouse69061,0.0,110521
0.07039287,0.11205587,2940,Mouse69061,0.0,110521
0.066238895,0.10455958,3000,Mouse69061,0.0,110521
0.073085934,0.1205194,3060,Mouse69061,0.0,110521
0.06563295,0.102810815,3120,Mouse69061,0.0,110521
0.067467354,0.09551796,3180,Mouse69061,0.0,110521
0.06783506,0.107138135,3240,Mouse69061,0.0,110521
0.068894036,0.11054017,3300,Mouse69061,0.0,110521
0.06912693,0.10643769,3360,Mouse69061,0.0,110521
0.07728984,0.11433414,3420,Mouse69061,0.0,110521
0.07700749,0.12847823,3480,Mouse69061,0.0,110521
0.065827124,0.12852249,3540,Mouse69061,0.0,110521
0.09289572,0.15707865,0,Mouse78732,0.0,040623
0.09414801,0.16669488,60,Mouse78732,0.0,040623
0.09756305,0.17029673,120,Mouse78732,0.0,040623
0.09486624,0.16344589,180,Mouse78732,0.0,040623
0.09768887,0.16441715,240,Mouse78732,0.0,040623
0.09558772,0.1585752,300,Mouse78732,0.0,040623
0.09959357,0.17192636,360,Mouse78732,0.0,040623
0.0930705,0.15883121,420,Mouse78732,0.0,040623
0.09224316,0.15214479,480,Mouse78732,0.0,040623
0.094126746,0.15367386,540,Mouse78732,0.0,040623
0.09255709,0.14895049,600,Mouse78732,0.0,040623
0.09920646,0.16248982,660,Mouse78732,0.0,040623
0.07784939,0.15649888,720,Mouse78732,0.0,040623
0.083079405,0.14379072,780,Mouse78732,0.0,040623
0.09509516,0.17238747,840,Mouse78732,0.0,040623
0.09286611,0.15683274,900,Mouse78732,0.0,040623
0.09341741,0.1569095,960,Mouse78732,0.0,040623
0.08553607,0.1490435,1020,Mouse78732,0.0,040623
0.09321662,0.14986038,1080,Mouse78732,0.0,040623
0.089859694,0.1538298,1140,Mouse78732,0.0,040623
0.08598377,0.14472714,1200,Mouse78732,0.0,040623
0.08729054,0.16162966,1260,Mouse78732,0.0,040623
0.09054592,0.15457724,1320,Mouse78732,0.0,040623
0.086774416,0.15267365,1380,Mouse78732,0.0,040623
0.094957575,0.16094467,1440,Mouse78732,0.0,040623
0.0887019,0.15132976,1500,Mouse78732,0.0,040623
0.08294133,0.14177634,1560,Mouse78732,0.0,040623
0.080809966,0.14363812,1620,Mouse78732,0.0,040623
0.0852424,0.14498697,1680,Mouse78732,0.0,040623
0.08871937,0.14278807,1740,Mouse78732,0.0,040623
0.08648782,0.14592491,1800,Mouse78732,0.0,040623
0.08711007,0.14478835,1860,Mouse78732,0.0,040623
0.08456365,0.1467954,1920,Mouse78732,0.0,040623
0.09814151,0.1718516,1980,Mouse78732,0.0,040623
0.08369929,0.14142272,2040,Mouse78732,0.0,040623
0.08518422,0.13401447,2100,Mouse78732,0.0,040623
0.09259065,0.14299338,2160,Mouse78732,0.0,040623
0.087068036,0.1397385,2220,Mouse78732,0.0,040623
0.09477963,0.14455521,2280,Mouse78732,0.0,040623
0.089744024,0.15154012,2340,Mouse78732,0.0,040623
0.094234005,0.15413442,2400,Mouse78732,0.0,040623
0.084990025,0.13887617,2460,Mouse78732,0.0,040623
0.090029076,0.15259098,2520,Mouse78732,0.0,040623
0.09499242,0.16548394,2580,Mouse78732,0.0,040623
0.089637645,0.15542209,2640,Mouse78732,0.0,040623
0.08601099,0.1594927,2700,Mouse78732,0.0,040623
0.07693153,0.15025502,2760,Mouse78732,0.0,040623
0.084588915,0.13678457,2820,Mouse78732,0.0,040623
0.09063168,0.14611594,2880,Mouse78732,0.0,040623
0.088265374,0.1349024,2940,Mouse78732,0.0,040623
0.09511354,0.14843489,3000,Mouse78732,0.0,040623
0.094960645,0.14856918,3060,Mouse78732,0.0,040623
0.08449483,0.1446137,3120,Mouse78732,0.0,040623
0.09062501,0.14870682,3180,Mouse78732,0.0,040623
0.09391441,0.14749974,3240,Mouse78732,0.0,040623
0.091916725,0.14692593,3300,Mouse78732,0.0,040623
0.09189195,0.1572852,3360,Mouse78732,0.0,040623
0.0940562,0.14519194,3420,Mouse78732,0.0,040623
0.09590597,0.14419948,3480,Mouse78732,0.0,040623
0.09551997,0.15138529,3540,Mouse78732,0.0,040623
0.0922687,0.16017215,0,Mouse78732,1.0,040623
0.08786719,0.15637429,60,Mouse78732,1.0,040623
0.098002516,0.16335511,120,Mouse78732,1.0,040623
0.10362437,0.16737454,180,Mouse78732,1.0,040623
0.10539547,0.161793,240,Mouse78732,1.0,040623
0.105234206,0.1778856,300,Mouse78732,1.0,040623
0.11039735,0.17034037,360,Mouse78732,1.0,040623
0.10344029,0.16969666,420,Mouse78732,1.0,040623
0.09943891,0.16642623,480,Mouse78732,1.0,040623
0.104624666,0.17292127,540,Mouse78732,1.0,040623
0.11048484,0.16850331,600,Mouse78732,1.0,040623
0.104999036,0.17445622,660,Mouse78732,1.0,040623
0.10263933,0.17879246,720,Mouse78732,1.0,040623
0.10384032,0.1676712,780,Mouse78732,1.0,040623
0.0975362,0.18139848,840,Mouse78732,1.0,040623
0.104155496,0.18821853,900,Mouse78732,1.0,040623
0.102513865,0.16232483,960,Mouse78732,1.0,040623
0.095470384,0.17374489,1020,Mouse78732,1.0,040623
0.09707149,0.17806567,1080,Mouse78732,1.0,040623
0.09421275,0.17708616,1140,Mouse78732,1.0,040623
0.0896646,0.17241047,1200,Mouse78732,1.0,040623
0.09610763,0.17243133,1260,Mouse78732,1.0,040623
0.09712977,0.1566791,1320,Mouse78732,1.0,040623
0.09809759,0.16728325,1380,Mouse78732,1.0,040623
0.09979071,0.16016696,1440,Mouse78732,1.0,040623
0.10668894,0.17079355,1500,Mouse78732,1.0,040623
0.10009256,0.16884874,1560,Mouse78732,1.0,040623
0.096624844,0.16637759,1620,Mouse78732,1.0,040623
0.08634797,0.1669475,1680,Mouse78732,1.0,040623
0.095052935,0.17250302,1740,Mouse78732,1.0,040623
0.08599459,0.15835987,1800,Mouse78732,1.0,040623
0.08818681,0.16458106,1860,Mouse78732,1.0,040623
0.09287038,0.16665244,1920,Mouse78732,1.0,040623
0.07762139,0.16172269,1980,Mouse78732,1.0,040623
0.088539526,0.18057314,2040,Mouse78732,1.0,040623
0.0940255,0.17458922,2100,Mouse78732,1.0,040623
0.08968998,0.16712558,2160,Mouse78732,1.0,040623
0.09209078,0.1571724,2220,Mouse78732,1.0,040623
0.09096101,0.15823935,2280,Mouse78732,1.0,040623
0.096773334,0.15455389,2340,Mouse78732,1.0,040623
0.09739289,0.1454412,2400,Mouse78732,1.0,040623
0.09763395,0.1591454,2460,Mouse78732,1.0,040623
0.096935414,0.16924772,2520,Mouse78732,1.0,040623
0.095136516,0.17615168,2580,Mouse78732,1.0,040623
0.084683456,0.15778284,2640,Mouse78732,1.0,040623
0.0943935,0.15854962,2700,Mouse78732,1.0,040623
0.09223249,0.16569635,2760,Mouse78732,1.0,040623
0.09162127,0.16867869,2820,Mouse78732,1.0,040623
0.09133244,0.16944951,2880,Mouse78732,1.0,040623
0.093733706,0.17472763,2940,Mouse78732,1.0,040623
0.09425082,0.17280445,3000,Mouse78732,1.0,040623
0.09574739,0.17981717,3060,Mouse78732,1.0,040623
0.09814414,0.16220526,3120,Mouse78732,1.0,040623
0.09746203,0.15341726,3180,Mouse78732,1.0,040623
0.092901334,0.16496074,3240,Mouse78732,1.0,040623
0.08788292,0.16815652,3300,Mouse78732,1.0,040623
0.07736597,0.17255852,3360,Mouse78732,1.0,040623
0.08864586,0.17217323,3420,Mouse78732,1.0,040623
0.093985274,0.1667903,3480,Mouse78732,1.0,040623
0.09641299,0.17314602,3540,Mouse78732,1.0,040623
0.0969509,0.16341029,0,Mouse78743,0.0,040623
0.09581629,0.16127796,60,Mouse78743,0.0,040623
0.0933912,0.17109992,120,Mouse78743,0.0,040623
0.095467515,0.14939827,180,Mouse78743,0.0,040623
0.086832054,0.15561254,240,Mouse78743,0.0,040623
0.09092067,0.15336095,300,Mouse78743,0.0,040623
0.09202604,0.1603875,360,Mouse78743,0.0,040623
0.08466924,0.15479429,420,Mouse78743,0.0,040623
0.08884031,0.1504271,480,Mouse78743,0.0,040623
0.08760446,0.15992716,540,Mouse78743,0.0,040623
0.08279639,0.14202122,600,Mouse78743,0.0,040623
0.0918886,0.15550436,660,Mouse78743,0.0,040623
0.08753474,0.14009176,720,Mouse78743,0.0,040623
0.08464095,0.13709778,780,Mouse78743,0.0,040623
0.08595648,0.14493337,840,Mouse78743,0.0,040623
0.08816069,0.14935796,900,Mouse78743,0.0,040623
0.08949758,0.15892069,960,Mouse78743,0.0,040623
0.08641599,0.14419343,1020,Mouse78743,0.0,040623
0.08814022,0.14601223,1080,Mouse78743,0.0,040623
0.089643486,0.1277914,1140,Mouse78743,0.0,040623
0.08650683,0.15908979,1200,Mouse78743,0.0,040623
0.08827616,0.14847797,1260,Mouse78743,0.0,040623
0.08443463,0.14110292,1320,Mouse78743,0.0,040623
0.085404284,0.14346649,1380,Mouse78743,0.0,040623
0.090187594,0.14460322,1440,Mouse78743,0.0,040623
0.09128756,0.13938984,1500,Mouse78743,0.0,040623
0.08932034,0.14019427,1560,Mouse78743,0.0,040623
0.08585065,0.1496211,1620,Mouse78743,0.0,040623
0.081953965,0.1372902,1680,Mouse78743,0.0,040623
0.088975556,0.15118024,1740,Mouse78743,0.0,040623
0.08934843,0.13863902,1800,Mouse78743,0.0,040623
0.087644175,0.14228952,1860,Mouse78743,0.0,040623
0.086094834,0.14088184,1920,Mouse78743,0.0,040623
0.08957144,0.1430632,1980,Mouse78743,0.0,040623
0.08738034,0.15101698,2040,Mouse78743,0.0,040623
0.08634604,0.14778936,2100,Mouse78743,0.0,040623
0.08874205,0.13595468,2160,Mouse78743,0.0,040623
0.08692017,0.14216405,2220,Mouse78743,0.0,040623
0.08753352,0.1439537,2280,Mouse78743,0.0,040623
0.085756205,0.15746461,2340,Mouse78743,0.0,040623
0.08358807,0.14019327,2400,Mouse78743,0.0,040623
0.09060437,0.1372555,2460,Mouse78743,0.0,040623
0.09252124,0.16019437,2520,Mouse78743,0.0,040623
0.079175524,0.13758473,2580,Mouse78743,0.0,040623
0.08556133,0.13383365,2640,Mouse78743,0.0,040623
0.08599348,0.130368,2700,Mouse78743,0.0,040623
0.08492707,0.13458894,2760,Mouse78743,0.0,040623
0.08824051,0.14103538,2820,Mouse78743,0.0,040623
0.086573794,0.14276494,2880,Mouse78743,0.0,040623
0.0834505,0.15498947,2940,Mouse78743,0.0,040623
0.08185669,0.14268449,3000,Mouse78743,0.0,040623
0.08150421,0.13787542,3060,Mouse78743,0.0,040623
0.086857885,0.1330052,3120,Mouse78743,0.0,040623
0.08264939,0.11919223,3180,Mouse78743,0.0,040623
0.08621352,0.14313063,3240,Mouse78743,0.0,040623
0.09339776,0.15267928,3300,Mouse78743,0.0,040623
0.08810257,0.14218232,3360,Mouse78743,0.0,040623
0.08413045,0.13019837,3420,Mouse78743,0.0,040623
0.08357369,0.13836028,3480,Mouse78743,0.0,040623
0.084489234,0.13738936,3540,Mouse78743,0.0,040623
0.09768601,0.17140374,0,Mouse78743,1.0,040623
0.09718425,0.16377379,60,Mouse78743,1.0,040623
0.0998458,0.16509156,120,Mouse78743,1.0,040623
0.098762214,0.16232099,180,Mouse78743,1.0,040623
0.09971403,0.17206345,240,Mouse78743,1.0,040623
0.1011145,0.1681346,300,Mouse78743,1.0,040623
0.10378644,0.16891934,360,Mouse78743,1.0,040623
0.102617286,0.18052582,420,Mouse78743,1.0,040623
0.09865271,0.166791,480,Mouse78743,1.0,040623
0.10338015,0.1627688,540,Mouse78743,1.0,040623
0.09791301,0.15906127,600,Mouse78743,1.0,040623
0.09843895,0.18110059,660,Mouse78743,1.0,040623
0.10510222,0.15887989,720,Mouse78743,1.0,040623
0.10299627,0.16475956,780,Mouse78743,1.0,040623
0.09334337,0.1647643,840,Mouse78743,1.0,040623
0.10557924,0.16135706,900,Mouse78743,1.0,040623
0.09549212,0.17001657,960,Mouse78743,1.0,040623
0.09917731,0.17751382,1020,Mouse78743,1.0,040623
0.099596895,0.17033249,1080,Mouse78743,1.0,040623
0.097071715,0.1733977,1140,Mouse78743,1.0,040623
0.097728096,0.17232136,1200,Mouse78743,1.0,040623
0.097290486,0.17012863,1260,Mouse78743,1.0,040623
0.09771193,0.16572504,1320,Mouse78743,1.0,040623
0.09469821,0.16622782,1380,Mouse78743,1.0,040623
0.09210105,0.16132294,1440,Mouse78743,1.0,040623
0.09644428,0.15908547,1500,Mouse78743,1.0,040623
0.09764181,0.1556601,1560,Mouse78743,1.0,040623
0.09849357,0.1661044,1620,Mouse78743,1.0,040623
0.09985404,0.16024344,1680,Mouse78743,1.0,040623
0.0968005,0.16609699,1740,Mouse78743,1.0,040623
0.1073512,0.17624217,1800,Mouse78743,1.0,040623
0.100089945,0.1631257,1860,Mouse78743,1.0,040623
0.09550634,0.1614143,1920,Mouse78743,1.0,040623
0.09859507,0.16523765,1980,Mouse78743,1.0,040623
0.09655318,0.15499075,2040,Mouse78743,1.0,040623
0.09827854,0.15388082,2100,Mouse78743,1.0,040623
0.0986308,0.1601379,2160,Mouse78743,1.0,040623
0.1040987,0.16363193,2220,Mouse78743,1.0,040623
0.09530226,0.16217545,2280,Mouse78743,1.0,040623
0.099998556,0.16841824,2340,Mouse78743,1.0,040623
0.10291923,0.1710679,2400,Mouse78743,1.0,040623
0.09967803,0.15950002,2460,Mouse78743,1.0,040623
0.09966832,0.16893387,2520,Mouse78743,1.0,040623
0.10069522,0.16843443,2580,Mouse78743,1.0,040623
0.103792615,0.16501172,2640,Mouse78743,1.0,040623
0.09901331,0.15760654,2700,Mouse78743,1.0,040623
0.09635431,0.14815375,2760,Mouse78743,1.0,040623
0.1037321,0.15905398,2820,Mouse78743,1.0,040623
0.09504869,0.1787258,2880,Mouse78743,1.0,040623
0.093174756,0.16917035,2940,Mouse78743,1.0,040623
0.095758446,0.14801833,3000,Mouse78743,1.0,040623
0.10462133,0.17087255,3060,Mouse78743,1.0,040623
0.09742776,0.16852216,3120,Mouse78743,1.0,040623
0.08964979,0.16953248,3180,Mouse78743,1.0,040623
0.09451222,0.17110397,3240,Mouse78743,1.0,040623
0.10493093,0.1690587,3300,Mouse78743,1.0,040623
0.098888874,0.1682253,3360,Mouse78743,1.0,040623
0.100404225,0.1790983,3420,Mouse78743,1.0,040623
0.09262014,0.16571863,3480,Mouse78743,1.0,040623
0.09599136,0.17703855,3540,Mouse78743,1.0,040623
0.094858624,0.14891502,0,Mouse78745,0.0,040623
0.0906475,0.14375365,60,Mouse78745,0.0,040623
0.09533287,0.14294563,120,Mouse78745,0.0,040623
0.093125984,0.14026451,180,Mouse78745,0.0,040623
0.09335869,0.14238003,240,Mouse78745,0.0,040623
0.09361803,0.14274436,300,Mouse78745,0.0,040623
0.09531891,0.14801867,360,Mouse78745,0.0,040623
0.08643567,0.13790685,420,Mouse78745,0.0,040623
0.087742165,0.14252499,480,Mouse78745,0.0,040623
0.0920384,0.13998047,540,Mouse78745,0.0,040623
0.0896822,0.13464631,600,Mouse78745,0.0,040623
0.09163635,0.14353204,660,Mouse78745,0.0,040623
0.09144898,0.13440464,720,Mouse78745,0.0,040623
0.09341142,0.13719209,780,Mouse78745,0.0,040623
0.092151076,0.14307767,840,Mouse78745,0.0,040623
0.08966801,0.13768193,900,Mouse78745,0.0,040623
0.08625888,0.13168073,960,Mouse78745,0.0,040623
0.086740606,0.12342548,1020,Mouse78745,0.0,040623
0.0866469,0.13580419,1080,Mouse78745,0.0,040623
0.08314143,0.13241173,1140,Mouse78745,0.0,040623
0.0840984,0.14221859,1200,Mouse78745,0.0,040623
0.07893768,0.13794003,1260,Mouse78745,0.0,040623
0.08725116,0.13019414,1320,Mouse78745,0.0,040623
0.08809541,0.12999429,1380,Mouse78745,0.0,040623
0.08844154,0.13759099,1440,Mouse78745,0.0,040623
0.0876809,0.13411775,1500,Mouse78745,0.0,040623
0.08601945,0.122605,1560,Mouse78745,0.0,040623
0.087035656,0.12693729,1620,Mouse78745,0.0,040623
0.08882372,0.12748903,1680,Mouse78745,0.0,040623
0.09249284,0.13248594,1740,Mouse78745,0.0,040623
0.08641712,0.12633868,1800,Mouse78745,0.0,040623
0.08856703,0.12969632,1860,Mouse78745,0.0,040623
0.08596317,0.12648009,1920,Mouse78745,0.0,040623
0.081805855,0.12702371,1980,Mouse78745,0.0,040623
0.08472728,0.124729976,2040,Mouse78745,0.0,040623
0.08116328,0.12412276,2100,Mouse78745,0.0,040623
0.08606581,0.12242506,2160,Mouse78745,0.0,040623
0.088258885,0.13085395,2220,Mouse78745,0.0,040623
0.087689705,0.13052978,2280,Mouse78745,0.0,040623
0.08502857,0.11673447,2340,Mouse78745,0.0,040623
0.087358356,0.12378749,2400,Mouse78745,0.0,040623
0.08567068,0.12512287,2460,Mouse78745,0.0,040623
0.0818628,0.12216078,2520,Mouse78745,0.0,040623
0.07841317,0.13773751,2580,Mouse78745,0.0,040623
0.08650457,0.1404755,2640,Mouse78745,0.0,040623
0.09035396,0.12853251,2700,Mouse78745,0.0,040623
0.08746198,0.12113448,2760,Mouse78745,0.0,040623
0.0858459,0.12653951,2820,Mouse78745,0.0,040623
0.08556506,0.13450766,2880,Mouse78745,0.0,040623
0.08304512,0.13961722,2940,Mouse78745,0.0,040623
0.08131521,0.13325267,3000,Mouse78745,0.0,040623
0.0802116,0.1372225,3060,Mouse78745,0.0,040623
0.08160749,0.13770995,3120,Mouse78745,0.0,040623
0.08749885,0.1470309,3180,Mouse78745,0.0,040623
0.07847411,0.13801965,3240,Mouse78745,0.0,040623
0.077915125,0.11360393,3300,Mouse78745,0.0,040623
0.08353538,0.12356109,3360,Mouse78745,0.0,040623
0.08158468,0.12546308,3420,Mouse78745,0.0,040623
0.0838914,0.12572931,3480,Mouse78745,0.0,040623
0.088555746,0.134911,3540,Mouse78745,0.0,040623
0.09221016,0.1516194,0,Mouse78745,1.0,040623
0.10172737,0.14479181,60,Mouse78745,1.0,040623
0.09988222,0.14822143,120,Mouse78745,1.0,040623
0.10029413,0.14642005,180,Mouse78745,1.0,040623
0.09638501,0.15743889,240,Mouse78745,1.0,040623
0.10528843,0.15333796,300,Mouse78745,1.0,040623
0.09371153,0.13934678,360,Mouse78745,1.0,040623
0.089988455,0.1464416,420,Mouse78745,1.0,040623
0.09476654,0.15275784,480,Mouse78745,1.0,040623
0.09562426,0.14946938,540,Mouse78745,1.0,040623
0.1038005,0.16348098,600,Mouse78745,1.0,040623
0.09451916,0.1487866,660,Mouse78745,1.0,040623
0.09959664,0.15897408,720,Mouse78745,1.0,040623
0.09765513,0.1521539,780,Mouse78745,1.0,040623
0.09847283,0.1431681,840,Mouse78745,1.0,040623
0.10034753,0.1559159,900,Mouse78745,1.0,040623
0.09501209,0.1458092,960,Mouse78745,1.0,040623
0.097464204,0.15908891,1020,Mouse78745,1.0,040623
0.10523883,0.15608981,1080,Mouse78745,1.0,040623
0.0988412,0.15077068,1140,Mouse78745,1.0,040623
0.0894852,0.15182297,1200,Mouse78745,1.0,040623
0.0903547,0.1467695,1260,Mouse78745,1.0,040623
0.09555352,0.14726909,1320,Mouse78745,1.0,040623
0.1043886,0.16412921,1380,Mouse78745,1.0,040623
0.09853861,0.15585743,1440,Mouse78745,1.0,040623
0.100836,0.15594612,1500,Mouse78745,1.0,040623
0.099070415,0.14874975,1560,Mouse78745,1.0,040623
0.09291664,0.14738119,1620,Mouse78745,1.0,040623
0.099302895,0.15306877,1680,Mouse78745,1.0,040623
0.099902205,0.15493758,1740,Mouse78745,1.0,040623
0.09862787,0.15417632,1800,Mouse78745,1.0,040623
0.100111425,0.15692103,1860,Mouse78745,1.0,040623
0.09907046,0.14990908,1920,Mouse78745,1.0,040623
0.097633876,0.14717586,1980,Mouse78745,1.0,040623
0.09509113,0.1485551,2040,Mouse78745,1.0,040623
0.094525866,0.15711695,2100,Mouse78745,1.0,040623
0.10381434,0.14584027,2160,Mouse78745,1.0,040623
0.096868925,0.14668511,2220,Mouse78745,1.0,040623
0.09599771,0.14971733,2280,Mouse78745,1.0,040623
0.094123274,0.14755486,2340,Mouse78745,1.0,040623
0.09781538,0.14823347,2400,Mouse78745,1.0,040623
0.09589687,0.1429727,2460,Mouse78745,1.0,040623
0.09099271,0.14743242,2520,Mouse78745,1.0,040623
0.09479613,0.14209713,2580,Mouse78745,1.0,040623
0.09635257,0.15477699,2640,Mouse78745,1.0,040623
0.10087184,0.15519863,2700,Mouse78745,1.0,040623
0.09460762,0.14645377,2760,Mouse78745,1.0,040623
0.094605975,0.14154282,2820,Mouse78745,1.0,040623
0.09550892,0.14528683,2880,Mouse78745,1.0,040623
0.09582821,0.14106813,2940,Mouse78745,1.0,040623
0.09152727,0.1370135,3000,Mouse78745,1.0,040623
0.096103325,0.14923096,3060,Mouse78745,1.0,040623
0.09941433,0.14839117,3120,Mouse78745,1.0,040623
0.09379214,0.13981868,3180,Mouse78745,1.0,040623
0.10270898,0.14099318,3240,Mouse78745,1.0,040623
0.09727656,0.15002617,3300,Mouse78745,1.0,040623
0.09635194,0.13927571,3360,Mouse78745,1.0,040623
0.09358389,0.1427824,3420,Mouse78745,1.0,040623
0.0931078,0.13386053,3480,Mouse78745,1.0,040623
0.091933705,0.13212986,3540,Mouse78745,1.0,040623
0.108580604,0.13324976,0,Mouse78751,0.0,040723
0.11127051,0.14148068,60,Mouse78751,0.0,040723
0.10763568,0.1468004,120,Mouse78751,0.0,040723
0.104406044,0.12544641,180,Mouse78751,0.0,040723
0.10114446,0.11971258,240,Mouse78751,0.0,040723
0.10620184,0.13303575,300,Mouse78751,0.0,040723
0.10264489,0.12443196,360,Mouse78751,0.0,040723
0.10160794,0.124250665,420,Mouse78751,0.0,040723
0.106018595,0.11832174,480,Mouse78751,0.0,040723
0.10277688,0.12280388,540,Mouse78751,0.0,040723
0.1056679,0.1333014,600,Mouse78751,0.0,040723
0.093482636,0.11841674,660,Mouse78751,0.0,040723
0.098502055,0.11332178,720,Mouse78751,0.0,040723
0.10776868,0.12807123,780,Mouse78751,0.0,040723
0.098545946,0.11941295,840,Mouse78751,0.0,040723
0.09675439,0.106560916,900,Mouse78751,0.0,040723
0.104738325,0.12420351,960,Mouse78751,0.0,040723
0.103985265,0.1229652,1020,Mouse78751,0.0,040723
0.09674129,0.117816515,1080,Mouse78751,0.0,040723
0.09399505,0.109004356,1140,Mouse78751,0.0,040723
0.1001987,0.1106665,1200,Mouse78751,0.0,040723
0.09845944,0.1093239,1260,Mouse78751,0.0,040723
0.09907433,0.1108889,1320,Mouse78751,0.0,040723
0.10361924,0.11296601,1380,Mouse78751,0.0,040723
0.10489314,0.12435003,1440,Mouse78751,0.0,040723
0.09676252,0.11636046,1500,Mouse78751,0.0,040723
0.09861599,0.11505058,1560,Mouse78751,0.0,040723
0.100761205,0.12548935,1620,Mouse78751,0.0,040723
0.10728541,0.12534302,1680,Mouse78751,0.0,040723
0.10292492,0.11806294,1740,Mouse78751,0.0,040723
0.10588077,0.11227488,1800,Mouse78751,0.0,040723
0.0984942,0.11048029,1860,Mouse78751,0.0,040723
0.090332575,0.12008121,1920,Mouse78751,0.0,040723
0.09469325,0.10810704,1980,Mouse78751,0.0,040723
0.102047056,0.11224817,2040,Mouse78751,0.0,040723
0.1097861,0.11539722,2100,Mouse78751,0.0,040723
0.1058602,0.10625164,2160,Mouse78751,0.0,040723
0.098717935,0.10514157,2220,Mouse78751,0.0,040723
0.10181479,0.10346403,2280,Mouse78751,0.0,040723
0.10571613,0.10100276,2340,Mouse78751,0.0,040723
0.10263877,0.108144574,2400,Mouse78751,0.0,040723
0.09972613,0.112697646,2460,Mouse78751,0.0,040723
0.09977474,0.117975764,2520,Mouse78751,0.0,040723
0.087856516,0.09963322,2580,Mouse78751,0.0,040723
0.102986224,0.10877977,2640,Mouse78751,0.0,040723
0.10129346,0.11109185,2700,Mouse78751,0.0,040723
0.09065771,0.10179662,2760,Mouse78751,0.0,040723
0.10294285,0.108821675,2820,Mouse78751,0.0,040723
0.1071171,0.11016481,2880,Mouse78751,0.0,040723
0.09792897,0.12597169,2940,Mouse78751,0.0,040723
0.10107192,0.10436001,3000,Mouse78751,0.0,040723
0.10333084,0.110491134,3060,Mouse78751,0.0,040723
0.10428313,0.10935202,3120,Mouse78751,0.0,040723
0.085310996,0.12309,3180,Mouse78751,0.0,040723
0.092691116,0.11000573,3240,Mouse78751,0.0,040723
0.09849378,0.107077405,3300,Mouse78751,0.0,040723
0.10128299,0.10082891,3360,Mouse78751,0.0,040723
0.105647184,0.11664932,3420,Mouse78751,0.0,040723
0.11300085,0.1171288,3480,Mouse78751,0.0,040723
0.104716584,0.106995486,3540,Mouse78751,0.0,040723
0.1148895,0.14734377,0,Mouse78751,1.0,040723
0.11552033,0.14643861,60,Mouse78751,1.0,040723
0.1142418,0.13339972,120,Mouse78751,1.0,040723
0.117967635,0.1284389,180,Mouse78751,1.0,040723
0.11710264,0.1290522,240,Mouse78751,1.0,040723
0.1087667,0.123703286,300,Mouse78751,1.0,040723
0.11647518,0.13290638,360,Mouse78751,1.0,040723
0.11496634,0.13522229,420,Mouse78751,1.0,040723
0.109242156,0.12386152,480,Mouse78751,1.0,040723
0.102011606,0.1357251,540,Mouse78751,1.0,040723
0.10091188,0.12388779,600,Mouse78751,1.0,040723
0.10874567,0.11748789,660,Mouse78751,1.0,040723
0.11684247,0.13355862,720,Mouse78751,1.0,040723
0.107065335,0.11764213,780,Mouse78751,1.0,040723
0.10572681,0.12121006,840,Mouse78751,1.0,040723
0.1093257,0.12666562,900,Mouse78751,1.0,040723
0.10652501,0.13324945,960,Mouse78751,1.0,040723
0.10420737,0.13617045,1020,Mouse78751,1.0,040723
0.1042002,0.12351286,1080,Mouse78751,1.0,040723
0.10872539,0.12756285,1140,Mouse78751,1.0,040723
0.11747777,0.1307055,1200,Mouse78751,1.0,040723
0.10145344,0.1287286,1260,Mouse78751,1.0,040723
0.10013718,0.13801022,1320,Mouse78751,1.0,040723
0.101213805,0.11736324,1380,Mouse78751,1.0,040723
0.110666856,0.13007446,1440,Mouse78751,1.0,040723
0.09924597,0.12947544,1500,Mouse78751,1.0,040723
0.10274549,0.1243683,1560,Mouse78751,1.0,040723
0.11184924,0.11874407,1620,Mouse78751,1.0,040723
0.11111523,0.11698489,1680,Mouse78751,1.0,040723
0.10727648,0.123613186,1740,Mouse78751,1.0,040723
0.10643835,0.123438105,1800,Mouse78751,1.0,040723
0.10787855,0.11226837,1860,Mouse78751,1.0,040723
0.110058285,0.12118826,1920,Mouse78751,1.0,040723
0.1067539,0.11606696,1980,Mouse78751,1.0,040723
0.08967587,0.11758092,2040,Mouse78751,1.0,040723
0.1025794,0.11910932,2100,Mouse78751,1.0,040723
0.11167027,0.12032989,2160,Mouse78751,1.0,040723
0.10688482,0.10785639,2220,Mouse78751,1.0,040723
0.10001322,0.110564925,2280,Mouse78751,1.0,040723
0.10416212,0.110306606,2340,Mouse78751,1.0,040723
0.10371966,0.11870863,2400,Mouse78751,1.0,040723
0.10048497,0.10947247,2460,Mouse78751,1.0,040723
0.11881963,0.13145512,2520,Mouse78751,1.0,040723
0.10519508,0.1220088,2580,Mouse78751,1.0,040723
0.09736584,0.118014336,2640,Mouse78751,1.0,040723
0.105269484,0.11992977,2700,Mouse78751,1.0,040723
0.09843239,0.12053061,2760,Mouse78751,1.0,040723
0.09434902,0.12983362,2820,Mouse78751,1.0,040723
0.10070834,0.10920454,2880,Mouse78751,1.0,040723
0.10927611,0.11915871,2940,Mouse78751,1.0,040723
0.10974052,0.11992181,3000,Mouse78751,1.0,040723
0.10045716,0.10716082,3060,Mouse78751,1.0,040723
0.098012224,0.1117074,3120,Mouse78751,1.0,040723
0.10481428,0.12648174,3180,Mouse78751,1.0,040723
0.09492795,0.12313258,3240,Mouse78751,1.0,040723
0.10412628,0.13089435,3300,Mouse78751,1.0,040723
0.0999872,0.12036364,3360,Mouse78751,1.0,040723
0.10607652,0.11374091,3420,Mouse78751,1.0,040723
0.106875665,0.11269161,3480,Mouse78751,1.0,040723
0.108632766,0.12052605,3540,Mouse78751,1.0,040723
0.08770839,0.14527252,0,Mouse78764,0.0,040723
0.0811674,0.14372995,60,Mouse78764,0.0,040723
0.078208156,0.13826405,120,Mouse78764,0.0,040723
0.07750369,0.14867884,180,Mouse78764,0.0,040723
0.083456464,0.14644103,240,Mouse78764,0.0,040723
0.086504884,0.15858306,300,Mouse78764,0.0,040723
0.07877082,0.14224233,360,Mouse78764,0.0,040723
0.0762564,0.1351362,420,Mouse78764,0.0,040723
0.07914289,0.14901796,480,Mouse78764,0.0,040723
0.08230324,0.14103489,540,Mouse78764,0.0,040723
0.08419244,0.14795108,600,Mouse78764,0.0,040723
0.074533194,0.13645631,660,Mouse78764,0.0,040723
0.069754556,0.14751188,720,Mouse78764,0.0,040723
0.06944356,0.13769446,780,Mouse78764,0.0,040723
0.07349391,0.14295536,840,Mouse78764,0.0,040723
0.07440546,0.14681736,900,Mouse78764,0.0,040723
0.080617875,0.13691948,960,Mouse78764,0.0,040723
0.07297354,0.13682553,1020,Mouse78764,0.0,040723
0.07116381,0.14329658,1080,Mouse78764,0.0,040723
0.06468094,0.14247575,1140,Mouse78764,0.0,040723
0.073562846,0.13012801,1200,Mouse78764,0.0,040723
0.08217185,0.12884226,1260,Mouse78764,0.0,040723
0.08624012,0.15725513,1320,Mouse78764,0.0,040723
0.08330772,0.1510367,1380,Mouse78764,0.0,040723
0.084496,0.1382891,1440,Mouse78764,0.0,040723
0.08412549,0.14820361,1500,Mouse78764,0.0,040723
0.07717345,0.13281201,1560,Mouse78764,0.0,040723
0.079718366,0.1390553,1620,Mouse78764,0.0,040723
0.07927869,0.13706204,1680,Mouse78764,0.0,040723
0.082783476,0.14686643,1740,Mouse78764,0.0,040723
0.0780244,0.13224362,1800,Mouse78764,0.0,040723
0.08016722,0.13897756,1860,Mouse78764,0.0,040723
0.0805947,0.13948265,1920,Mouse78764,0.0,040723
0.08532237,0.13656108,1980,Mouse78764,0.0,040723
0.077436306,0.13782516,2040,Mouse78764,0.0,040723
0.07766234,0.1399098,2100,Mouse78764,0.0,040723
0.07635562,0.12934382,2160,Mouse78764,0.0,040723
0.07893289,0.14000084,2220,Mouse78764,0.0,040723
0.07624108,0.14507395,2280,Mouse78764,0.0,040723
0.07850506,0.12611723,2340,Mouse78764,0.0,040723
0.07374837,0.14009418,2400,Mouse78764,0.0,040723
0.07279913,0.12982777,2460,Mouse78764,0.0,040723
0.078693844,0.14125143,2520,Mouse78764,0.0,040723
0.07409317,0.12865692,2580,Mouse78764,0.0,040723
0.073224865,0.13984667,2640,Mouse78764,0.0,040723
0.08199338,0.13390905,2700,Mouse78764,0.0,040723
0.07742565,0.1280316,2760,Mouse78764,0.0,040723
0.08075058,0.13012277,2820,Mouse78764,0.0,040723
0.0797277,0.12529288,2880,Mouse78764,0.0,040723
0.07616119,0.13041528,2940,Mouse78764,0.0,040723
0.08296415,0.14361995,3000,Mouse78764,0.0,040723
0.07298152,0.13195035,3060,Mouse78764,0.0,040723
0.07458129,0.12326174,3120,Mouse78764,0.0,040723
0.074990325,0.13630582,3180,Mouse78764,0.0,040723
0.079753,0.14195257,3240,Mouse78764,0.0,040723
0.06991787,0.13243634,3300,Mouse78764,0.0,040723
0.07395663,0.13250554,3360,Mouse78764,0.0,040723
0.082519986,0.13162503,3420,Mouse78764,0.0,040723
0.07578297,0.13195261,3480,Mouse78764,0.0,040723
0.075072594,0.14421718,3540,Mouse78764,0.0,040723
0.09071244,0.16375928,0,Mouse78764,1.0,040723
0.090688854,0.15770847,60,Mouse78764,1.0,040723
0.09235705,0.17284626,120,Mouse78764,1.0,040723
0.088991605,0.14865628,180,Mouse78764,1.0,040723
0.08809865,0.15850803,240,Mouse78764,1.0,040723
0.08998966,0.150706,300,Mouse78764,1.0,040723
0.09256612,0.15856862,360,Mouse78764,1.0,040723
0.09119716,0.16138794,420,Mouse78764,1.0,040723
0.0890218,0.16512097,480,Mouse78764,1.0,040723
0.08866252,0.15277117,540,Mouse78764,1.0,040723
0.09603701,0.17180228,600,Mouse78764,1.0,040723
0.08981592,0.1628731,660,Mouse78764,1.0,040723
0.08656873,0.15266027,720,Mouse78764,1.0,040723
0.088212565,0.1601883,780,Mouse78764,1.0,040723
0.085520074,0.16458122,840,Mouse78764,1.0,040723
0.087827995,0.15590042,900,Mouse78764,1.0,040723
0.08228546,0.14805086,960,Mouse78764,1.0,040723
0.083237305,0.16812626,1020,Mouse78764,1.0,040723
0.07743491,0.15888715,1080,Mouse78764,1.0,040723
0.08499616,0.1518937,1140,Mouse78764,1.0,040723
0.082843214,0.15415972,1200,Mouse78764,1.0,040723
0.08705254,0.15067486,1260,Mouse78764,1.0,040723
0.0844697,0.16866167,1320,Mouse78764,1.0,040723
0.08889336,0.15411763,1380,Mouse78764,1.0,040723
0.081732675,0.15666686,1440,Mouse78764,1.0,040723
0.081800394,0.16129579,1500,Mouse78764,1.0,040723
0.08748785,0.17100592,1560,Mouse78764,1.0,040723
0.07539641,0.15721393,1620,Mouse78764,1.0,040723
0.06849225,0.15378712,1680,Mouse78764,1.0,040723
0.07536563,0.16515937,1740,Mouse78764,1.0,040723
0.08251075,0.15275104,1800,Mouse78764,1.0,040723
0.08637963,0.14676604,1860,Mouse78764,1.0,040723
0.08301474,0.16528402,1920,Mouse78764,1.0,040723
0.08180006,0.15508072,1980,Mouse78764,1.0,040723
0.08213118,0.1507241,2040,Mouse78764,1.0,040723
0.082821116,0.14395805,2100,Mouse78764,1.0,040723
0.08544929,0.16470006,2160,Mouse78764,1.0,040723
0.083472535,0.16636792,2220,Mouse78764,1.0,040723
0.08103092,0.15119585,2280,Mouse78764,1.0,040723
0.07956211,0.14681344,2340,Mouse78764,1.0,040723
0.08251154,0.1598671,2400,Mouse78764,1.0,040723
0.080728464,0.13681862,2460,Mouse78764,1.0,040723
0.084043875,0.1587688,2520,Mouse78764,1.0,040723
0.08328092,0.1456905,2580,Mouse78764,1.0,040723
0.08321352,0.16099444,2640,Mouse78764,1.0,040723
0.0865196,0.14510149,2700,Mouse78764,1.0,040723
0.08146431,0.15903443,2760,Mouse78764,1.0,040723
0.0826014,0.16183026,2820,Mouse78764,1.0,040723
0.08521329,0.16412322,2880,Mouse78764,1.0,040723
0.078569,0.1484485,2940,Mouse78764,1.0,040723
0.081006594,0.15318237,3000,Mouse78764,1.0,040723
0.08436204,0.14832129,3060,Mouse78764,1.0,040723
0.08018895,0.15196611,3120,Mouse78764,1.0,040723
0.07383692,0.15204813,3180,Mouse78764,1.0,040723
0.07811174,0.16242406,3240,Mouse78764,1.0,040723
0.085833125,0.14900692,3300,Mouse78764,1.0,040723
0.082299344,0.15154642,3360,Mouse78764,1.0,040723
0.0858478,0.16138229,3420,Mouse78764,1.0,040723
0.08644483,0.15717855,3480,Mouse78764,1.0,040723
0.07854334,0.15154962,3540,Mouse78764,1.0,040723
