scores,y_mouse,y_expDate,y_time,y_flx
16.734999,Mouse99003,072321,1801,1
10.221309,Mouse99003,072321,1802,1
3.7283552,Mouse99003,072321,1803,1
8.910464,Mouse99003,072321,1804,1
11.867174,Mouse99003,072321,1805,1
2.9674294,Mouse99003,072321,1806,1
12.281803,Mouse99003,072321,1807,1
10.234976,Mouse99003,072321,1808,1
11.390291,Mouse99003,072321,1809,1
10.3028345,Mouse99003,072321,1810,1
6.8207393,Mouse99003,072321,1811,1
13.861084,Mouse99003,072321,1812,1
10.218747,Mouse99003,072321,1813,1
10.251696,Mouse99003,072321,1814,1
6.0226984,Mouse99003,072321,1815,1
14.542803,Mouse99003,072321,1816,1
11.349023,Mouse99003,072321,1817,1
10.279384,Mouse99003,072321,1818,1
12.779358,Mouse99003,072321,1819,1
11.453405,Mouse99003,072321,1820,1
7.8055196,Mouse99003,072321,1821,1
9.223746,Mouse99003,072321,1822,1
5.9629865,Mouse99003,072321,1823,1
8.509462,Mouse99003,072321,1824,1
10.689775,Mouse99003,072321,1825,1
9.044747,Mouse99003,072321,1826,1
9.304693,Mouse99003,072321,1827,1
11.128668,Mouse99003,072321,1828,1
8.759097,Mouse99003,072321,1829,1
11.627278,Mouse99003,072321,1830,1
12.879766,Mouse99003,072321,1831,1
9.790719,Mouse99003,072321,1832,1
11.196043,Mouse99003,072321,1833,1
8.066655,Mouse99003,072321,1834,1
3.8192623,Mouse99003,072321,1835,1
7.8665657,Mouse99003,072321,1836,1
8.607638,Mouse99003,072321,1837,1
8.666425,Mouse99003,072321,1838,1
9.029771,Mouse99003,072321,1839,1
14.057707,Mouse99003,072321,1840,1
6.1465735,Mouse99003,072321,1841,1
5.696062,Mouse99003,072321,1842,1
5.682131,Mouse99003,072321,1843,1
11.516517,Mouse99003,072321,1844,1
10.110756,Mouse99003,072321,1845,1
10.103542,Mouse99003,072321,1847,1
10.25347,Mouse99003,072321,1848,1
7.771745,Mouse99003,072321,1849,1
13.254703,Mouse99003,072321,1850,1
10.551075,Mouse99003,072321,1851,1
9.359324,Mouse99003,072321,1852,1
8.545023,Mouse99003,072321,1853,1
7.647204,Mouse99003,072321,1854,1
7.189086,Mouse99003,072321,1855,1
6.6736755,Mouse99003,072321,1856,1
7.7852526,Mouse99003,072321,1857,1
11.977304,Mouse99003,072321,1858,1
7.5562773,Mouse99003,072321,1859,1
9.986062,Mouse99003,072321,1860,1
7.867701,Mouse99003,072321,1861,1
10.765748,Mouse99003,072321,1862,1
9.63629,Mouse99003,072321,1863,1
10.2866335,Mouse99003,072321,1864,1
11.564617,Mouse99003,072321,1865,1
9.166745,Mouse99003,072321,1866,1
12.022401,Mouse99003,072321,1867,1
4.7109356,Mouse99003,072321,1868,1
9.395605,Mouse99003,072321,1869,1
11.028018,Mouse99003,072321,1870,1
6.492707,Mouse99003,072321,1871,1
11.645071,Mouse99003,072321,1872,1
13.537828,Mouse99003,072321,1873,1
14.381418,Mouse99003,072321,1874,1
8.256164,Mouse99003,072321,1875,1
5.525883,Mouse99003,072321,1876,1
12.230112,Mouse99003,072321,1877,1
8.88592,Mouse99003,072321,1878,1
7.325197,Mouse99003,072321,1879,1
10.148881,Mouse99003,072321,1880,1
12.402932,Mouse99003,072321,1882,1
12.45892,Mouse99003,072321,1883,1
12.699247,Mouse99003,072321,1884,1
11.932231,Mouse99003,072321,1885,1
14.691921,Mouse99003,072321,1886,1
12.695799,Mouse99003,072321,1887,1
9.665967,Mouse99003,072321,1888,1
8.916248,Mouse99003,072321,1889,1
7.736365,Mouse99003,072321,1890,1
7.08989,Mouse99003,072321,1891,1
7.1355896,Mouse99003,072321,1892,1
13.275601,Mouse99003,072321,1893,1
7.892228,Mouse99003,072321,1894,1
8.229287,Mouse99003,072321,1895,1
10.631704,Mouse99003,072321,1896,1
10.103059,Mouse99003,072321,1897,1
9.536017,Mouse99003,072321,1898,1
11.746103,Mouse99003,072321,1899,1
15.05816,Mouse99003,072321,1900,1
10.077935,Mouse99003,072321,1901,1
13.145163,Mouse99003,072321,1902,1
10.71315,Mouse99003,072321,1903,1
10.48849,Mouse99003,072321,1904,1
10.85418,Mouse99003,072321,1905,1
9.753302,Mouse99003,072321,1906,1
12.034401,Mouse99003,072321,1907,1
8.415704,Mouse99003,072321,1908,1
10.479993,Mouse99003,072321,1909,1
8.180738,Mouse99003,072321,1910,1
8.115814,Mouse99003,072321,1911,1
9.2403,Mouse99003,072321,1912,1
8.116426,Mouse99003,072321,1913,1
10.100168,Mouse99003,072321,1914,1
6.8813457,Mouse99003,072321,1915,1
11.142084,Mouse99003,072321,1916,1
10.260134,Mouse99003,072321,1917,1
10.641811,Mouse99003,072321,1918,1
11.521724,Mouse99003,072321,1919,1
12.430768,Mouse99003,072321,1920,1
12.534194,Mouse99003,072321,1921,1
8.465325,Mouse99003,072321,1922,1
10.779202,Mouse99003,072321,1923,1
7.7864184,Mouse99003,072321,1924,1
12.360437,Mouse99003,072321,1925,1
12.024203,Mouse99003,072321,1926,1
9.8440275,Mouse99003,072321,1927,1
6.9153495,Mouse99003,072321,1928,1
7.188565,Mouse99003,072321,1929,1
10.037132,Mouse99003,072321,1930,1
8.184238,Mouse99003,072321,1931,1
7.21585,Mouse99003,072321,1932,1
13.997229,Mouse99003,072321,1933,1
8.707661,Mouse99003,072321,1934,1
7.4240646,Mouse99003,072321,1935,1
6.3771195,Mouse99003,072321,1936,1
11.560983,Mouse99003,072321,1937,1
13.036763,Mouse99003,072321,1938,1
7.4039044,Mouse99003,072321,1939,1
12.279114,Mouse99003,072321,1940,1
7.2708564,Mouse99003,072321,1941,1
8.6072235,Mouse99003,072321,1943,1
9.730386,Mouse99003,072321,1944,1
10.566788,Mouse99003,072321,1945,1
10.594823,Mouse99003,072321,1946,1
11.141723,Mouse99003,072321,1947,1
4.6245084,Mouse99003,072321,1948,1
5.008109,Mouse99003,072321,1949,1
7.9790416,Mouse99003,072321,1950,1
7.84972,Mouse99003,072321,1951,1
11.997551,Mouse99003,072321,1952,1
9.958281,Mouse99003,072321,1953,1
16.7311,Mouse99003,072321,1954,1
10.395286,Mouse99003,072321,1955,1
11.268886,Mouse99003,072321,1956,1
12.1416,Mouse99003,072321,1957,1
12.228634,Mouse99003,072321,1958,1
13.015401,Mouse99003,072321,1959,1
15.051606,Mouse99003,072321,1960,1
5.7882423,Mouse99003,072321,1961,1
12.2266445,Mouse99003,072321,1962,1
9.093762,Mouse99003,072321,1963,1
5.0066056,Mouse99003,072321,1964,1
8.713497,Mouse99003,072321,1965,1
13.37116,Mouse99003,072321,1966,1
9.797004,Mouse99003,072321,1967,1
6.497506,Mouse99003,072321,1968,1
10.35525,Mouse99003,072321,1969,1
10.011295,Mouse99003,072321,1970,1
12.421223,Mouse99003,072321,1971,1
12.18503,Mouse99003,072321,1972,1
14.713709,Mouse99003,072321,1973,1
9.413554,Mouse99003,072321,1974,1
8.902241,Mouse99003,072321,1975,1
9.300567,Mouse99003,072321,1976,1
9.945002,Mouse99003,072321,1977,1
6.2313395,Mouse99003,072321,1978,1
8.01186,Mouse99003,072321,1979,1
18.70533,Mouse99003,072321,1980,1
10.032353,Mouse99003,072321,1981,1
8.506171,Mouse99003,072321,1982,1
11.589067,Mouse99003,072321,1983,1
8.9805565,Mouse99003,072321,1984,1
9.796146,Mouse99003,072321,1985,1
16.242302,Mouse99003,072321,1986,1
11.491276,Mouse99003,072321,1987,1
5.9152107,Mouse99003,072321,1988,1
12.509986,Mouse99003,072321,1989,1
7.2467484,Mouse99003,072321,1990,1
10.969122,Mouse99003,072321,1991,1
6.905259,Mouse99003,072321,1992,1
6.3580337,Mouse99003,072321,1993,1
12.98225,Mouse99003,072321,1994,1
9.056197,Mouse99003,072321,1995,1
11.967016,Mouse99003,072321,1996,1
8.607025,Mouse99003,072321,1997,1
12.496346,Mouse99003,072321,1998,1
11.85413,Mouse99003,072321,1999,1
11.393864,Mouse99003,072321,2000,1
11.021015,Mouse99003,072321,2001,1
15.490822,Mouse99003,072321,2002,1
11.723515,Mouse99003,072321,2003,1
14.892648,Mouse99003,072321,2004,1
7.3018427,Mouse99003,072321,2005,1
9.962151,Mouse99003,072321,2006,1
9.343417,Mouse99003,072321,2007,1
11.129713,Mouse99003,072321,2008,1
9.430151,Mouse99003,072321,2009,1
10.34153,Mouse99003,072321,2010,1
11.3196745,Mouse99003,072321,2011,1
8.960718,Mouse99003,072321,2012,1
9.763098,Mouse99003,072321,2013,1
6.5716643,Mouse99003,072321,2014,1
12.722942,Mouse99003,072321,2015,1
10.9349985,Mouse99003,072321,2016,1
9.820269,Mouse99003,072321,2017,1
4.4379973,Mouse99003,072321,2018,1
11.137995,Mouse99003,072321,2019,1
8.761729,Mouse99003,072321,2020,1
8.088347,Mouse99003,072321,2021,1
10.364504,Mouse99003,072321,2022,1
10.079873,Mouse99003,072321,2023,1
12.797454,Mouse99003,072321,2024,1
13.400456,Mouse99003,072321,2025,1
10.292817,Mouse99003,072321,2026,1
11.169467,Mouse99003,072321,2027,1
8.656866,Mouse99003,072321,2028,1
11.147122,Mouse99003,072321,2029,1
8.921809,Mouse99003,072321,2030,1
8.663187,Mouse99003,072321,2031,1
7.6714296,Mouse99003,072321,2032,1
10.705893,Mouse99003,072321,2033,1
9.4906845,Mouse99003,072321,2034,1
9.282086,Mouse99003,072321,2035,1
11.206053,Mouse99003,072321,2036,1
8.853205,Mouse99003,072321,2037,1
6.757499,Mouse99003,072321,2038,1
10.857861,Mouse99003,072321,2039,1
12.815102,Mouse99003,072321,2040,1
10.651872,Mouse99003,072321,2041,1
11.063552,Mouse99003,072321,2042,1
10.364007,Mouse99003,072321,2043,1
9.006676,Mouse99003,072321,2044,1
9.839151,Mouse99003,072321,2045,1
10.81415,Mouse99003,072321,2046,1
10.585421,Mouse99003,072321,2047,1
7.5149074,Mouse99003,072321,2048,1
8.794838,Mouse99003,072321,2049,1
7.975413,Mouse99003,072321,2050,1
9.792283,Mouse99003,072321,2051,1
7.086912,Mouse99003,072321,2052,1
10.109642,Mouse99003,072321,2053,1
12.867823,Mouse99003,072321,2054,1
13.206301,Mouse99003,072321,2055,1
9.691376,Mouse99003,072321,2056,1
12.61963,Mouse99003,072321,2057,1
7.385656,Mouse99003,072321,2058,1
8.377903,Mouse99003,072321,2059,1
12.479053,Mouse99003,072321,2060,1
11.458113,Mouse99003,072321,2061,1
10.247393,Mouse99003,072321,2064,1
11.105442,Mouse99003,072321,2067,1
10.286377,Mouse99003,072321,2068,1
13.503157,Mouse99003,072321,2069,1
14.629661,Mouse99003,072321,2070,1
10.0384445,Mouse99003,072321,2071,1
12.8044405,Mouse99003,072321,2072,1
12.431911,Mouse99003,072321,2073,1
6.316984,Mouse99003,072321,2075,1
11.837737,Mouse99003,072321,2076,1
11.71718,Mouse99003,072321,2077,1
11.015705,Mouse99003,072321,2078,1
12.751993,Mouse99003,072321,2079,1
7.429542,Mouse99003,072321,2080,1
6.5500865,Mouse99003,072321,2081,1
10.063333,Mouse99003,072321,2082,1
9.330623,Mouse99003,072321,2083,1
8.639152,Mouse99003,072321,2084,1
7.9643645,Mouse99003,072321,2085,1
9.090194,Mouse99003,072321,2086,1
12.798145,Mouse99003,072321,2087,1
10.663331,Mouse99003,072321,2088,1
12.19989,Mouse99003,072321,2089,1
8.330842,Mouse99003,072321,2090,1
9.599964,Mouse99003,072321,2091,1
16.095474,Mouse99003,072321,2092,1
9.768111,Mouse99003,072321,2093,1
7.8982224,Mouse99003,072321,2094,1
6.186369,Mouse99003,072321,2095,1
8.356192,Mouse99003,072321,2096,1
12.180991,Mouse99003,072321,2097,1
15.596897,Mouse99003,072321,2098,1
8.8373165,Mouse99003,072321,2099,1
11.792859,Mouse99003,072321,2100,1
8.784968,Mouse99003,072321,2101,1
12.915564,Mouse99003,072321,2102,1
14.717337,Mouse99003,072321,2103,1
5.622593,Mouse99003,072321,2104,1
7.279912,Mouse99003,072321,2105,1
7.7556443,Mouse99003,072321,2106,1
9.109387,Mouse99003,072321,2107,1
13.265361,Mouse99003,072321,2108,1
5.0488777,Mouse99003,072321,2109,1
11.269629,Mouse99003,072321,2110,1
11.366754,Mouse99003,072321,2111,1
12.984324,Mouse99003,072321,2112,1
7.3299885,Mouse99003,072321,2113,1
11.2528105,Mouse99003,072321,2114,1
7.5337105,Mouse99003,072321,2115,1
10.729292,Mouse99003,072321,2116,1
9.74806,Mouse99003,072321,2117,1
8.6770115,Mouse99003,072321,2118,1
7.898179,Mouse99003,072321,2119,1
11.366493,Mouse99003,072321,2120,1
11.07171,Mouse99003,072321,2121,1
12.4561205,Mouse99003,072321,2122,1
11.430641,Mouse99003,072321,2123,1
7.8946476,Mouse99003,072321,2124,1
15.211736,Mouse99003,072321,2125,1
13.976582,Mouse99003,072321,2126,1
8.876156,Mouse99003,072321,2127,1
6.008279,Mouse99003,072321,2128,1
13.715915,Mouse99003,072321,2129,1
12.716194,Mouse99003,072321,2130,1
11.240683,Mouse99003,072321,2131,1
4.0852537,Mouse99003,072321,2132,1
2.0488536,Mouse99003,072321,2133,1
7.15533,Mouse99003,072321,2134,1
9.236833,Mouse99003,072321,2135,1
6.5612254,Mouse99003,072321,2136,1
7.2728252,Mouse99003,072321,2137,1
6.8533154,Mouse99003,072321,2138,1
7.9606314,Mouse99003,072321,2139,1
7.9623866,Mouse99003,072321,2140,1
10.910478,Mouse99003,072321,2141,1
7.1714597,Mouse99003,072321,2142,1
11.960342,Mouse99003,072321,2143,1
7.769783,Mouse99003,072321,2144,1
11.272721,Mouse99003,072321,2145,1
14.720017,Mouse99003,072321,2146,1
10.902103,Mouse99003,072321,2147,1
12.364113,Mouse99003,072321,2148,1
8.885462,Mouse99003,072321,2149,1
8.397374,Mouse99003,072321,2150,1
14.036533,Mouse99003,072321,2151,1
4.4807744,Mouse99003,072321,2152,1
13.852239,Mouse99003,072321,2155,1
9.34325,Mouse99003,072321,2156,1
17.069942,Mouse99003,072321,2157,1
9.545657,Mouse99003,072321,2158,1
8.6358795,Mouse99003,072321,2159,1
7.9344587,Mouse99003,072321,2160,1
11.521133,Mouse99003,072321,2161,1
8.508687,Mouse99003,072321,2162,1
6.698806,Mouse99003,072321,2163,1
11.63378,Mouse99003,072321,2164,1
15.740768,Mouse99003,072321,2165,1
13.711037,Mouse99003,072321,2166,1
9.9197035,Mouse99003,072321,2167,1
6.214823,Mouse99003,072321,2168,1
10.297247,Mouse99003,072321,2169,1
9.597206,Mouse99003,072321,2170,1
16.321815,Mouse99003,072321,2171,1
8.657819,Mouse99003,072321,2172,1
8.625112,Mouse99003,072321,2173,1
12.073363,Mouse99003,072321,2174,1
11.259213,Mouse99003,072321,2175,1
14.575933,Mouse99003,072321,2176,1
7.15252,Mouse99003,072321,2177,1
9.006454,Mouse99003,072321,2178,1
10.430623,Mouse99003,072321,2179,1
11.053589,Mouse99003,072321,2180,1
9.0909605,Mouse99003,072321,2181,1
13.710144,Mouse99003,072321,2182,1
9.437648,Mouse99003,072321,2183,1
11.1574955,Mouse99003,072321,2184,1
9.134092,Mouse99003,072321,2185,1
12.3500395,Mouse99003,072321,2186,1
12.341116,Mouse99003,072321,2187,1
11.567157,Mouse99003,072321,2188,1
10.81797,Mouse99003,072321,2189,1
15.110528,Mouse99003,072321,2190,1
12.24487,Mouse99003,072321,2191,1
9.995073,Mouse99003,072321,2192,1
8.340341,Mouse99003,072321,2193,1
10.002113,Mouse99003,072321,2194,1
12.161844,Mouse99003,072321,2196,1
10.389997,Mouse99003,072321,2197,1
12.72511,Mouse99003,072321,2198,1
8.937243,Mouse99003,072321,2199,1
11.085749,Mouse99003,072321,2200,1
7.855726,Mouse99003,072321,2201,1
16.65551,Mouse99003,072321,2202,1
13.638493,Mouse99003,072321,2203,1
15.232195,Mouse99003,072321,2204,1
8.068519,Mouse99003,072321,2205,1
12.879732,Mouse99003,072321,2206,1
6.714526,Mouse99003,072321,2207,1
10.114398,Mouse99003,072321,2208,1
13.549992,Mouse99003,072321,2209,1
12.786613,Mouse99003,072321,2210,1
12.076659,Mouse99003,072321,2211,1
9.579367,Mouse99003,072321,2212,1
17.149399,Mouse99003,072321,2213,1
12.73732,Mouse99003,072321,2214,1
12.344444,Mouse99003,072321,2215,1
9.339511,Mouse99003,072321,2216,1
10.642681,Mouse99003,072321,2217,1
7.2378187,Mouse99003,072321,2218,1
12.846487,Mouse99003,072321,2219,1
10.480314,Mouse99003,072321,2220,1
8.23904,Mouse99003,072321,2221,1
8.881329,Mouse99003,072321,2222,1
15.195291,Mouse99003,072321,2223,1
10.341742,Mouse99003,072321,2224,1
10.197218,Mouse99003,072321,2225,1
8.370848,Mouse99003,072321,2226,1
13.128888,Mouse99003,072321,2227,1
10.941559,Mouse99003,072321,2228,1
9.834161,Mouse99003,072321,2229,1
7.9794827,Mouse99003,072321,2230,1
9.792389,Mouse99003,072321,2231,1
13.925119,Mouse99003,072321,2232,1
9.327501,Mouse99003,072321,2233,1
11.743752,Mouse99003,072321,2234,1
12.717046,Mouse99003,072321,2235,1
8.441409,Mouse99003,072321,2236,1
6.8011956,Mouse99003,072321,2237,1
10.480516,Mouse99003,072321,2238,1
15.364365,Mouse99003,072321,2239,1
10.612988,Mouse99003,072321,2240,1
14.39615,Mouse99003,072321,2241,1
7.5029845,Mouse99003,072321,2242,1
11.969431,Mouse99003,072321,2243,1
12.671746,Mouse99003,072321,2244,1
7.2574296,Mouse99003,072321,2245,1
6.761392,Mouse99003,072321,2246,1
12.380729,Mouse99003,072321,2247,1
14.468639,Mouse99003,072321,2248,1
14.16066,Mouse99003,072321,2249,1
11.995979,Mouse99003,072321,2250,1
11.202788,Mouse99003,072321,2251,1
10.148507,Mouse99003,072321,2252,1
10.220618,Mouse99003,072321,2253,1
9.8955765,Mouse99003,072321,2254,1
11.560693,Mouse99003,072321,2255,1
9.0903845,Mouse99003,072321,2256,1
11.139631,Mouse99003,072321,2257,1
10.151585,Mouse99003,072321,2258,1
9.530389,Mouse99003,072321,2259,1
12.251051,Mouse99003,072321,2260,1
15.371331,Mouse99003,072321,2261,1
10.813126,Mouse99003,072321,2262,1
10.403978,Mouse99003,072321,2263,1
6.32563,Mouse99003,072321,2264,1
7.8185253,Mouse99003,072321,2265,1
12.501088,Mouse99003,072321,2266,1
9.815546,Mouse99003,072321,2267,1
10.674537,Mouse99003,072321,2268,1
8.980668,Mouse99003,072321,2269,1
10.259274,Mouse99003,072321,2270,1
11.5458765,Mouse99003,072321,2271,1
7.9175935,Mouse99003,072321,2272,1
7.4981966,Mouse99003,072321,2273,1
7.4934,Mouse99003,072321,2274,1
3.6858974,Mouse99003,072321,2275,1
8.334817,Mouse99003,072321,2276,1
8.933718,Mouse99003,072321,2277,1
7.569851,Mouse99003,072321,2278,1
8.877797,Mouse99003,072321,2279,1
9.819912,Mouse99003,072321,2280,1
12.425223,Mouse99003,072321,2281,1
8.280092,Mouse99003,072321,2282,1
7.5362825,Mouse99003,072321,2283,1
6.7851334,Mouse99003,072321,2284,1
7.572002,Mouse99003,072321,2285,1
14.791682,Mouse99003,072321,2286,1
6.946438,Mouse99003,072321,2287,1
12.943272,Mouse99003,072321,2288,1
11.620953,Mouse99003,072321,2289,1
6.5368953,Mouse99003,072321,2290,1
5.5261,Mouse99003,072321,2291,1
8.524453,Mouse99003,072321,2292,1
11.641045,Mouse99003,072321,2293,1
10.9716425,Mouse99003,072321,2294,1
10.230674,Mouse99003,072321,2295,1
9.286357,Mouse99003,072321,2296,1
9.537324,Mouse99003,072321,2297,1
7.720946,Mouse99003,072321,2298,1
9.927424,Mouse99003,072321,2299,1
11.438343,Mouse99003,072321,2300,1
9.32036,Mouse99003,072321,2301,1
7.826331,Mouse99003,072321,2302,1
10.829049,Mouse99003,072321,2303,1
9.408253,Mouse99003,072321,2304,1
8.394762,Mouse99003,072321,2305,1
15.335841,Mouse99003,072321,2306,1
10.45995,Mouse99003,072321,2307,1
8.107586,Mouse99003,072321,2308,1
6.9669404,Mouse99003,072321,2309,1
12.936928,Mouse99003,072321,2310,1
10.719078,Mouse99003,072321,2311,1
7.3326406,Mouse99003,072321,2312,1
8.282579,Mouse99003,072321,2313,1
4.84422,Mouse99003,072321,2314,1
11.702341,Mouse99003,072321,2315,1
7.005949,Mouse99003,072321,2316,1
8.566035,Mouse99003,072321,2317,1
8.371305,Mouse99003,072321,2318,1
7.6630177,Mouse99003,072321,2319,1
7.478141,Mouse99003,072321,2320,1
6.613667,Mouse99003,072321,2321,1
14.917388,Mouse99003,072321,2322,1
10.61502,Mouse99003,072321,2323,1
4.7972536,Mouse99003,072321,2324,1
9.207022,Mouse99003,072321,2325,1
9.855377,Mouse99003,072321,2326,1
6.9423842,Mouse99003,072321,2327,1
8.445642,Mouse99003,072321,2328,1
13.903048,Mouse99003,072321,2329,1
10.128299,Mouse99003,072321,2330,1
9.967321,Mouse99003,072321,2331,1
9.091266,Mouse99003,072321,2332,1
8.476642,Mouse99003,072321,2333,1
11.874115,Mouse99003,072321,2334,1
9.899221,Mouse99003,072321,2335,1
9.732797,Mouse99003,072321,2336,1
9.076266,Mouse99003,072321,2337,1
7.8378377,Mouse99003,072321,2338,1
14.11566,Mouse99003,072321,2339,1
10.028315,Mouse99003,072321,2340,1
7.2690434,Mouse99003,072321,2341,1
8.291037,Mouse99003,072321,2342,1
8.36164,Mouse99003,072321,2343,1
11.10024,Mouse99003,072321,2344,1
10.246244,Mouse99003,072321,2345,1
7.636912,Mouse99003,072321,2346,1
12.282781,Mouse99003,072321,2347,1
8.551465,Mouse99003,072321,2348,1
10.906165,Mouse99003,072321,2349,1
7.2503195,Mouse99003,072321,2350,1
7.7404456,Mouse99003,072321,2351,1
10.845853,Mouse99003,072321,2352,1
10.170613,Mouse99003,072321,2353,1
7.542774,Mouse99003,072321,2354,1
11.161648,Mouse99003,072321,2355,1
9.063688,Mouse99003,072321,2356,1
9.242019,Mouse99003,072321,2357,1
7.803147,Mouse99003,072321,2358,1
11.234065,Mouse99003,072321,2359,1
8.790183,Mouse99003,072321,2360,1
13.871908,Mouse99003,072321,2361,1
9.962256,Mouse99003,072321,2362,1
7.73721,Mouse99003,072321,2363,1
8.659154,Mouse99003,072321,2364,1
13.073096,Mouse99003,072321,2365,1
9.772788,Mouse99003,072321,2366,1
8.778259,Mouse99003,072321,2367,1
8.931872,Mouse99003,072321,2368,1
11.505752,Mouse99003,072321,2369,1
10.649673,Mouse99003,072321,2370,1
9.1430025,Mouse99003,072321,2371,1
12.475881,Mouse99003,072321,2372,1
5.8193607,Mouse99003,072321,2373,1
8.766804,Mouse99003,072321,2374,1
9.163379,Mouse99003,072321,2375,1
9.206034,Mouse99003,072321,2376,1
11.676224,Mouse99003,072321,2377,1
11.703621,Mouse99003,072321,2378,1
7.496301,Mouse99003,072321,2379,1
11.976557,Mouse99003,072321,2380,1
10.282937,Mouse99003,072321,2381,1
11.650237,Mouse99003,072321,2382,1
7.291417,Mouse99003,072321,2383,1
8.980754,Mouse99003,072321,2384,1
5.331238,Mouse99003,072321,2385,1
8.477555,Mouse99003,072321,2386,1
8.694923,Mouse99003,072321,2387,1
10.789809,Mouse99003,072321,2388,1
8.925861,Mouse99003,072321,2389,1
10.95494,Mouse99003,072321,2390,1
9.11879,Mouse99003,072321,2391,1
11.596292,Mouse99003,072321,2392,1
6.952817,Mouse99003,072321,2393,1
7.046184,Mouse99003,072321,2394,1
9.938534,Mouse99003,072321,2395,1
10.073733,Mouse99003,072321,2396,1
9.180843,Mouse99003,072321,2397,1
5.9351244,Mouse99003,072321,2398,1
6.677033,Mouse99003,072321,2399,1
10.642268,Mouse99003,072321,2400,1
9.073098,Mouse99003,072321,2401,1
9.172594,Mouse99003,072321,2402,1
8.71264,Mouse99003,072321,2403,1
2.290623,Mouse99003,072321,2404,1
7.0137153,Mouse99003,072321,2405,1
11.821116,Mouse99003,072321,2406,1
7.9627943,Mouse99003,072321,2407,1
10.716004,Mouse99003,072321,2408,1
11.478707,Mouse99003,072321,2409,1
7.581279,Mouse99003,072321,2410,1
13.265299,Mouse99003,072321,2411,1
9.911614,Mouse99003,072321,2412,1
8.167527,Mouse99003,072321,2413,1
8.7658205,Mouse99003,072321,2414,1
8.101152,Mouse99003,072321,2415,1
10.027534,Mouse99003,072321,2416,1
8.343749,Mouse99003,072321,2417,1
9.500285,Mouse99003,072321,2418,1
10.3854,Mouse99003,072321,2419,1
10.055443,Mouse99003,072321,2420,1
9.277587,Mouse99003,072321,2421,1
7.781358,Mouse99003,072321,2422,1
6.9697933,Mouse99003,072321,2423,1
11.38001,Mouse99003,072321,2424,1
7.525317,Mouse99003,072321,2425,1
12.2014885,Mouse99003,072321,2426,1
5.7477365,Mouse99003,072321,2427,1
13.754492,Mouse99003,072321,2428,1
7.507011,Mouse99003,072321,2429,1
8.815535,Mouse99003,072321,2430,1
14.359556,Mouse99003,072321,2431,1
7.465755,Mouse99003,072321,2432,1
9.807399,Mouse99003,072321,2433,1
10.117829,Mouse99003,072321,2434,1
8.82914,Mouse99003,072321,2435,1
8.010034,Mouse99003,072321,2436,1
8.287269,Mouse99003,072321,2437,1
8.310491,Mouse99003,072321,2438,1
13.458218,Mouse99003,072321,2439,1
9.288689,Mouse99003,072321,2440,1
7.45241,Mouse99003,072321,2441,1
9.065247,Mouse99003,072321,2442,1
9.637906,Mouse99003,072321,2443,1
9.835684,Mouse99003,072321,2444,1
7.42774,Mouse99003,072321,2445,1
11.36342,Mouse99003,072321,2446,1
7.9141192,Mouse99003,072321,2447,1
10.722324,Mouse99003,072321,2448,1
7.802515,Mouse99003,072321,2449,1
6.227219,Mouse99003,072321,2450,1
11.839532,Mouse99003,072321,2451,1
9.22656,Mouse99003,072321,2452,1
10.411133,Mouse99003,072321,2453,1
8.588329,Mouse99003,072321,2454,1
8.583898,Mouse99003,072321,2455,1
12.798227,Mouse99003,072321,2456,1
10.245338,Mouse99003,072321,2457,1
7.124169,Mouse99003,072321,2458,1
8.259668,Mouse99003,072321,2459,1
11.606223,Mouse99003,072321,2460,1
10.16673,Mouse99003,072321,2461,1
9.439583,Mouse99003,072321,2462,1
8.353071,Mouse99003,072321,2463,1
8.322922,Mouse99003,072321,2464,1
12.836693,Mouse99003,072321,2465,1
12.367424,Mouse99003,072321,2466,1
5.9925833,Mouse99003,072321,2467,1
9.6897545,Mouse99003,072321,2468,1
8.580302,Mouse99003,072321,2469,1
5.7692585,Mouse99003,072321,2470,1
11.406682,Mouse99003,072321,2471,1
17.80803,Mouse99003,072321,2472,1
8.828139,Mouse99003,072321,2473,1
7.684722,Mouse99003,072321,2474,1
10.914494,Mouse99003,072321,2475,1
7.670984,Mouse99003,072321,2476,1
14.374046,Mouse99003,072321,2477,1
7.546493,Mouse99003,072321,2478,1
7.297281,Mouse99003,072321,2479,1
12.383422,Mouse99003,072321,2480,1
7.6157217,Mouse99003,072321,2481,1
14.087043,Mouse99003,072321,2482,1
7.5491447,Mouse99003,072321,2483,1
9.238981,Mouse99003,072321,2484,1
11.309652,Mouse99003,072321,2485,1
13.233636,Mouse99003,072321,2486,1
6.519701,Mouse99003,072321,2487,1
10.202,Mouse99003,072321,2488,1
7.300194,Mouse99003,072321,2489,1
7.387068,Mouse99003,072321,2490,1
7.025099,Mouse99003,072321,2491,1
6.847863,Mouse99003,072321,2492,1
8.453624,Mouse99003,072321,2493,1
12.230808,Mouse99003,072321,2494,1
11.534499,Mouse99003,072321,2495,1
11.608845,Mouse99003,072321,2496,1
10.546206,Mouse99003,072321,2497,1
8.161839,Mouse99003,072321,2498,1
8.603382,Mouse99003,072321,2499,1
13.00202,Mouse99003,072321,2500,1
6.7334905,Mouse99003,072321,2501,1
11.878898,Mouse99003,072321,2502,1
10.9153805,Mouse99003,072321,2503,1
5.0365853,Mouse99003,072321,2504,1
8.092135,Mouse99003,072321,2505,1
8.361903,Mouse99003,072321,2506,1
9.455993,Mouse99003,072321,2507,1
11.306854,Mouse99003,072321,2508,1
9.515555,Mouse99003,072321,2509,1
6.1385865,Mouse99003,072321,2510,1
11.694664,Mouse99003,072321,2511,1
6.161933,Mouse99003,072321,2512,1
8.4256935,Mouse99003,072321,2513,1
11.238229,Mouse99003,072321,2514,1
16.950777,Mouse99003,072321,2515,1
11.865089,Mouse99003,072321,2516,1
9.462546,Mouse99003,072321,2517,1
10.905319,Mouse99003,072321,2518,1
7.5566673,Mouse99003,072321,2519,1
9.606826,Mouse99003,072321,2520,1
8.858616,Mouse99003,072321,2521,1
8.963851,Mouse99003,072321,2522,1
9.928303,Mouse99003,072321,2523,1
6.5110774,Mouse99003,072321,2524,1
9.528896,Mouse99003,072321,2525,1
5.2033143,Mouse99003,072321,2526,1
12.337595,Mouse99003,072321,2527,1
7.6517377,Mouse99003,072321,2528,1
9.306681,Mouse99003,072321,2529,1
7.302434,Mouse99003,072321,2530,1
13.706112,Mouse99003,072321,2531,1
9.745401,Mouse99003,072321,2532,1
10.361437,Mouse99003,072321,2533,1
10.050741,Mouse99003,072321,2534,1
7.0981445,Mouse99003,072321,2535,1
10.947496,Mouse99003,072321,2536,1
7.580571,Mouse99003,072321,2537,1
12.930189,Mouse99003,072321,2538,1
8.438383,Mouse99003,072321,2539,1
12.131051,Mouse99003,072321,2540,1
9.1433,Mouse99003,072321,2541,1
8.151485,Mouse99003,072321,2542,1
11.839448,Mouse99003,072321,2543,1
9.337188,Mouse99003,072321,2544,1
9.340133,Mouse99003,072321,2545,1
8.837304,Mouse99003,072321,2546,1
9.566233,Mouse99003,072321,2547,1
15.587532,Mouse99003,072321,2548,1
9.840312,Mouse99003,072321,2549,1
9.147452,Mouse99003,072321,2550,1
9.760213,Mouse99003,072321,2551,1
6.526652,Mouse99003,072321,2552,1
13.112201,Mouse99003,072321,2553,1
15.740705,Mouse99003,072321,2554,1
10.9849,Mouse99003,072321,2555,1
12.4229355,Mouse99003,072321,2556,1
9.052794,Mouse99003,072321,2557,1
12.459382,Mouse99003,072321,2558,1
16.021343,Mouse99003,072321,2559,1
8.938964,Mouse99003,072321,2560,1
6.5070515,Mouse99003,072321,2561,1
8.825553,Mouse99003,072321,2562,1
8.971353,Mouse99003,072321,2563,1
6.9040995,Mouse99003,072321,2564,1
11.660742,Mouse99003,072321,2565,1
10.355624,Mouse99003,072321,2566,1
10.370502,Mouse99003,072321,2567,1
3.461227,Mouse99003,072321,2568,1
6.4775577,Mouse99003,072321,2570,1
11.832337,Mouse99003,072321,2571,1
7.1369805,Mouse99003,072321,2572,1
9.326506,Mouse99003,072321,2573,1
8.596073,Mouse99003,072321,2574,1
6.7289233,Mouse99003,072321,2575,1
10.367048,Mouse99003,072321,2576,1
9.469549,Mouse99003,072321,2577,1
10.393107,Mouse99003,072321,2578,1
11.860769,Mouse99003,072321,2579,1
8.074407,Mouse99003,072321,2580,1
9.169639,Mouse99003,072321,2581,1
7.865287,Mouse99003,072321,2582,1
7.981318,Mouse99003,072321,2583,1
8.20542,Mouse99003,072321,2584,1
8.210934,Mouse99003,072321,2585,1
10.479586,Mouse99003,072321,2586,1
9.5688,Mouse99003,072321,2587,1
8.793661,Mouse99003,072321,2588,1
6.0503063,Mouse99003,072321,2589,1
13.33282,Mouse99003,072321,2590,1
10.626677,Mouse99003,072321,2591,1
6.9449744,Mouse99003,072321,2592,1
10.383113,Mouse99003,072321,2593,1
8.388815,Mouse99003,072321,2594,1
8.5907,Mouse99003,072321,2595,1
10.037422,Mouse99003,072321,2596,1
13.426717,Mouse99003,072321,2597,1
11.088617,Mouse99003,072321,2598,1
8.838035,Mouse99003,072321,2599,1
10.460038,Mouse99003,072321,2600,1
9.3330345,Mouse99003,072321,2601,1
10.355764,Mouse99003,072321,2602,1
12.118237,Mouse99003,072321,2603,1
15.231402,Mouse99003,072321,2604,1
7.9605427,Mouse99003,072321,2605,1
13.158363,Mouse99003,072321,2606,1
13.441827,Mouse99003,072321,2607,1
16.083649,Mouse99003,072321,2608,1
7.993409,Mouse99003,072321,2609,1
6.642398,Mouse99003,072321,2610,1
8.436786,Mouse99003,072321,2611,1
9.650341,Mouse99003,072321,2612,1
16.42024,Mouse99003,072321,2613,1
11.811882,Mouse99003,072321,2614,1
8.608045,Mouse99003,072321,2615,1
9.539073,Mouse99003,072321,2616,1
3.541094,Mouse99003,072321,2617,1
9.125157,Mouse99003,072321,2618,1
11.139708,Mouse99003,072321,2619,1
9.125655,Mouse99003,072321,2620,1
8.061384,Mouse99003,072321,2621,1
9.439723,Mouse99003,072321,2622,1
6.4447274,Mouse99003,072321,2623,1
8.748432,Mouse99003,072321,2624,1
14.692687,Mouse99003,072321,2625,1
8.230842,Mouse99003,072321,2626,1
12.51353,Mouse99003,072321,2627,1
9.454948,Mouse99003,072321,2628,1
14.249392,Mouse99003,072321,2629,1
11.377919,Mouse99003,072321,2630,1
8.245778,Mouse99003,072321,2631,1
11.50639,Mouse99003,072321,2632,1
18.157494,Mouse99003,072321,2633,1
12.29987,Mouse99003,072321,2634,1
8.22644,Mouse99003,072321,2635,1
10.8875475,Mouse99003,072321,2636,1
4.6090455,Mouse99003,072321,2637,1
6.1741977,Mouse99003,072321,2638,1
13.628316,Mouse99003,072321,2639,1
8.204983,Mouse99003,072321,2640,1
18.729145,Mouse99003,072321,2641,1
11.903769,Mouse99003,072321,2642,1
13.069533,Mouse99003,072321,2643,1
13.9140835,Mouse99003,072321,2644,1
3.7753808,Mouse99003,072321,2645,1
11.14477,Mouse99003,072321,2646,1
8.320945,Mouse99003,072321,2647,1
11.250773,Mouse99003,072321,2648,1
9.268639,Mouse99003,072321,2649,1
11.560868,Mouse99003,072321,2650,1
11.707783,Mouse99003,072321,2651,1
13.649042,Mouse99003,072321,2652,1
10.5821495,Mouse99003,072321,2653,1
10.050964,Mouse99003,072321,2654,1
9.9613285,Mouse99003,072321,2655,1
9.780495,Mouse99003,072321,2656,1
14.085342,Mouse99003,072321,2657,1
9.238977,Mouse99003,072321,2658,1
10.810642,Mouse99003,072321,2659,1
13.137063,Mouse99003,072321,2660,1
8.736557,Mouse99003,072321,2661,1
14.886306,Mouse99003,072321,2662,1
11.1976595,Mouse99003,072321,2663,1
11.929085,Mouse99003,072321,2664,1
8.422533,Mouse99003,072321,2665,1
11.564132,Mouse99003,072321,2666,1
7.9133067,Mouse99003,072321,2667,1
9.670603,Mouse99003,072321,2668,1
4.3442535,Mouse99003,072321,2669,1
8.054102,Mouse99003,072321,2670,1
8.118662,Mouse99003,072321,2671,1
7.746693,Mouse99003,072321,2672,1
13.624443,Mouse99003,072321,2673,1
6.6903906,Mouse99003,072321,2674,1
10.47606,Mouse99003,072321,2675,1
8.547942,Mouse99003,072321,2676,1
12.5555105,Mouse99003,072321,2677,1
6.686857,Mouse99003,072321,2678,1
12.136704,Mouse99003,072321,2679,1
14.034901,Mouse99003,072321,2680,1
10.484558,Mouse99003,072321,2681,1
9.141402,Mouse99003,072321,2682,1
7.514892,Mouse99003,072321,2683,1
9.931469,Mouse99003,072321,2684,1
9.7098675,Mouse99003,072321,2685,1
11.076879,Mouse99003,072321,2686,1
10.626921,Mouse99003,072321,2687,1
8.087054,Mouse99003,072321,2688,1
10.797138,Mouse99003,072321,2689,1
14.135948,Mouse99003,072321,2690,1
8.579514,Mouse99003,072321,2691,1
11.100382,Mouse99003,072321,2692,1
10.642035,Mouse99003,072321,2693,1
8.373036,Mouse99003,072321,2694,1
10.092271,Mouse99003,072321,2695,1
7.391772,Mouse99003,072321,2696,1
10.627455,Mouse99003,072321,2697,1
8.417142,Mouse99003,072321,2698,1
7.739329,Mouse99003,072321,2699,1
10.498702,Mouse99003,072321,2700,1
10.233143,Mouse99003,072321,2701,1
10.958606,Mouse99003,072321,2702,1
8.106599,Mouse99003,072321,2703,1
8.797646,Mouse99003,072321,2704,1
7.3153615,Mouse99003,072321,2705,1
11.949282,Mouse99003,072321,2706,1
9.629347,Mouse99003,072321,2707,1
11.53656,Mouse99003,072321,2708,1
16.188324,Mouse99003,072321,2709,1
9.260905,Mouse99003,072321,2710,1
9.439164,Mouse99003,072321,2711,1
10.9098015,Mouse99003,072321,2712,1
9.870101,Mouse99003,072321,2713,1
10.250021,Mouse99003,072321,2714,1
9.826666,Mouse99003,072321,2715,1
8.876266,Mouse99003,072321,2716,1
9.034399,Mouse99003,072321,2717,1
8.573224,Mouse99003,072321,2718,1
14.523944,Mouse99003,072321,2719,1
13.105193,Mouse99003,072321,2720,1
11.909513,Mouse99003,072321,2721,1
7.675259,Mouse99003,072321,2722,1
6.8688326,Mouse99003,072321,2723,1
9.806778,Mouse99003,072321,2724,1
7.7014694,Mouse99003,072321,2725,1
8.134908,Mouse99003,072321,2726,1
7.438948,Mouse99003,072321,2727,1
8.494314,Mouse99003,072321,2728,1
6.8880143,Mouse99003,072321,2729,1
6.272567,Mouse99003,072321,2730,1
12.794619,Mouse99003,072321,2731,1
6.577068,Mouse99003,072321,2732,1
7.9493732,Mouse99003,072321,2733,1
9.708941,Mouse99003,072321,2734,1
10.699986,Mouse99003,072321,2735,1
8.214812,Mouse99003,072321,2736,1
13.493128,Mouse99003,072321,2737,1
12.096177,Mouse99003,072321,2738,1
11.7248,Mouse99003,072321,2739,1
9.878425,Mouse99003,072321,2740,1
9.428276,Mouse99003,072321,2741,1
10.916975,Mouse99003,072321,2742,1
7.002638,Mouse99003,072321,2743,1
5.9297976,Mouse99003,072321,2744,1
11.643672,Mouse99003,072321,2745,1
7.8680367,Mouse99003,072321,2746,1
6.9864044,Mouse99003,072321,2747,1
6.54846,Mouse99003,072321,2748,1
13.401534,Mouse99003,072321,2749,1
7.522565,Mouse99003,072321,2750,1
8.309552,Mouse99003,072321,2751,1
9.561145,Mouse99003,072321,2752,1
9.838414,Mouse99003,072321,2753,1
8.086448,Mouse99003,072321,2754,1
9.815868,Mouse99003,072321,2755,1
8.621308,Mouse99003,072321,2756,1
9.941201,Mouse99003,072321,2757,1
11.327448,Mouse99003,072321,2758,1
12.475729,Mouse99003,072321,2759,1
8.073161,Mouse99003,072321,2760,1
15.334236,Mouse99003,072321,2761,1
9.479171,Mouse99003,072321,2762,1
8.532648,Mouse99003,072321,2763,1
11.9954605,Mouse99003,072321,2764,1
4.913893,Mouse99003,072321,2765,1
11.761035,Mouse99003,072321,2766,1
8.315439,Mouse99003,072321,2767,1
11.602675,Mouse99003,072321,2768,1
10.556344,Mouse99003,072321,2769,1
12.176937,Mouse99003,072321,2770,1
11.546528,Mouse99003,072321,2771,1
9.104548,Mouse99003,072321,2772,1
11.751566,Mouse99003,072321,2773,1
6.2798734,Mouse99003,072321,2774,1
9.435016,Mouse99003,072321,2775,1
11.496513,Mouse99003,072321,2776,1
10.522914,Mouse99003,072321,2777,1
11.847541,Mouse99003,072321,2779,1
9.615176,Mouse99003,072321,2780,1
13.302554,Mouse99003,072321,2781,1
4.182951,Mouse99003,072321,2782,1
5.8348274,Mouse99003,072321,2783,1
9.593906,Mouse99003,072321,2784,1
5.993226,Mouse99003,072321,2785,1
6.147756,Mouse99003,072321,2786,1
6.9922457,Mouse99003,072321,2787,1
7.7848306,Mouse99003,072321,2788,1
11.155301,Mouse99003,072321,2789,1
4.6249504,Mouse99003,072321,2790,1
12.83918,Mouse99003,072321,2791,1
10.219952,Mouse99003,072321,2792,1
8.948561,Mouse99003,072321,2793,1
14.509289,Mouse99003,072321,2794,1
7.0846815,Mouse99003,072321,2795,1
11.124251,Mouse99003,072321,2796,1
11.657555,Mouse99003,072321,2797,1
9.377769,Mouse99003,072321,2798,1
11.870129,Mouse99003,072321,2799,1
13.066661,Mouse99003,072321,2800,1
6.196866,Mouse99003,072321,2801,1
9.268616,Mouse99003,072321,2802,1
12.289125,Mouse99003,072321,2803,1
9.994714,Mouse99003,072321,2804,1
5.8850155,Mouse99003,072321,2805,1
8.540842,Mouse99003,072321,2806,1
16.08282,Mouse99003,072321,2807,1
6.9144692,Mouse99003,072321,2808,1
8.979201,Mouse99003,072321,2809,1
8.176237,Mouse99003,072321,2810,1
11.474699,Mouse99003,072321,2811,1
9.713523,Mouse99003,072321,2812,1
4.5230236,Mouse99003,072321,2813,1
6.834145,Mouse99003,072321,2814,1
10.738815,Mouse99003,072321,2815,1
13.3670225,Mouse99003,072321,2816,1
12.758459,Mouse99003,072321,2817,1
13.944458,Mouse99003,072321,2818,1
10.347806,Mouse99003,072321,2819,1
10.349221,Mouse99003,072321,2820,1
9.77624,Mouse99003,072321,2821,1
14.132784,Mouse99003,072321,2822,1
11.962901,Mouse99003,072321,2823,1
11.908903,Mouse99003,072321,2824,1
8.091578,Mouse99003,072321,2825,1
8.120082,Mouse99003,072321,2826,1
12.413253,Mouse99003,072321,2827,1
6.554291,Mouse99003,072321,2828,1
11.571012,Mouse99003,072321,2829,1
9.5781,Mouse99003,072321,2830,1
11.406418,Mouse99003,072321,2831,1
8.537076,Mouse99003,072321,2832,1
12.514369,Mouse99003,072321,2833,1
14.485933,Mouse99003,072321,2834,1
4.5099783,Mouse99003,072321,2835,1
8.667671,Mouse99003,072321,2836,1
6.7451444,Mouse99003,072321,2837,1
7.871511,Mouse99003,072321,2838,1
9.861275,Mouse99003,072321,2839,1
6.6837053,Mouse99003,072321,2840,1
8.68931,Mouse99003,072321,2841,1
13.067252,Mouse99003,072321,2842,1
7.538173,Mouse99003,072321,2843,1
14.224159,Mouse99003,072321,2844,1
9.95594,Mouse99003,072321,2845,1
5.800855,Mouse99003,072321,2846,1
11.436346,Mouse99003,072321,2847,1
7.9332504,Mouse99003,072321,2848,1
11.7154,Mouse99003,072321,2849,1
11.250597,Mouse99003,072321,2850,1
4.8835526,Mouse99003,072321,2851,1
13.245664,Mouse99003,072321,2852,1
7.4318256,Mouse99003,072321,2853,1
9.649369,Mouse99003,072321,2854,1
12.171719,Mouse99003,072321,2855,1
9.646569,Mouse99003,072321,2856,1
7.4382625,Mouse99003,072321,2857,1
12.090976,Mouse99003,072321,2858,1
9.515776,Mouse99003,072321,2859,1
10.42467,Mouse99003,072321,2860,1
12.836998,Mouse99003,072321,2861,1
12.670449,Mouse99003,072321,2862,1
4.3067183,Mouse99003,072321,2863,1
11.362855,Mouse99003,072321,2864,1
5.0835123,Mouse99003,072321,2865,1
14.434831,Mouse99003,072321,2866,1
10.909651,Mouse99003,072321,2867,1
3.041262,Mouse99003,072321,2868,1
16.061676,Mouse99003,072321,2869,1
13.380595,Mouse99003,072321,2870,1
12.886713,Mouse99003,072321,2871,1
8.441083,Mouse99003,072321,2872,1
9.442238,Mouse99003,072321,2873,1
8.135614,Mouse99003,072321,2874,1
8.42571,Mouse99003,072321,2875,1
11.931107,Mouse99003,072321,2876,1
9.373776,Mouse99003,072321,2877,1
14.2814455,Mouse99003,072321,2878,1
11.000974,Mouse99003,072321,2879,1
15.157249,Mouse99003,072321,2880,1
8.625111,Mouse99003,072321,2881,1
6.575834,Mouse99003,072321,2882,1
13.24199,Mouse99003,072321,2883,1
11.271648,Mouse99003,072321,2884,1
9.39037,Mouse99003,072321,2885,1
10.068301,Mouse99003,072321,2886,1
10.984105,Mouse99003,072321,2887,1
8.50678,Mouse99003,072321,2888,1
9.131221,Mouse99003,072321,2889,1
10.538885,Mouse99003,072321,2890,1
13.499306,Mouse99003,072321,2891,1
9.654234,Mouse99003,072321,2892,1
8.722286,Mouse99003,072321,2893,1
10.054628,Mouse99003,072321,2894,1
11.826201,Mouse99003,072321,2895,1
4.667035,Mouse99003,072321,2896,1
11.217135,Mouse99003,072321,2897,1
11.67246,Mouse99003,072321,2898,1
8.943699,Mouse99003,072321,2899,1
9.405193,Mouse99003,072321,2900,1
7.628182,Mouse99003,072321,2901,1
11.781361,Mouse99003,072321,2902,1
9.11635,Mouse99003,072321,2903,1
8.755659,Mouse99003,072321,2904,1
6.3703785,Mouse99003,072321,2905,1
8.588455,Mouse99003,072321,2906,1
4.000515,Mouse99003,072321,2907,1
16.936167,Mouse99003,072321,2908,1
13.745028,Mouse99003,072321,2909,1
15.80406,Mouse99003,072321,2910,1
10.509443,Mouse99003,072321,2911,1
8.535039,Mouse99003,072321,2912,1
9.9148,Mouse99003,072321,2913,1
10.852048,Mouse99003,072321,2914,1
11.261435,Mouse99003,072321,2915,1
9.308689,Mouse99003,072321,2916,1
7.0450926,Mouse99003,072321,2917,1
12.450456,Mouse99003,072321,2918,1
19.865917,Mouse99003,072321,2919,1
8.219017,Mouse99003,072321,2920,1
7.056472,Mouse99003,072321,2921,1
8.049698,Mouse99003,072321,2922,1
7.4984007,Mouse99003,072321,2923,1
7.021533,Mouse99003,072321,2924,1
7.498743,Mouse99003,072321,2925,1
12.682234,Mouse99003,072321,2926,1
10.352003,Mouse99003,072321,2927,1
7.662592,Mouse99003,072321,2928,1
10.753228,Mouse99003,072321,2929,1
11.627346,Mouse99003,072321,2930,1
14.463136,Mouse99003,072321,2931,1
7.6776505,Mouse99003,072321,2932,1
10.17451,Mouse99003,072321,2933,1
12.951107,Mouse99003,072321,2934,1
7.3361087,Mouse99003,072321,2935,1
12.30308,Mouse99003,072321,2936,1
10.3931675,Mouse99003,072321,2937,1
10.122985,Mouse99003,072321,2938,1
7.0871067,Mouse99003,072321,2939,1
12.814267,Mouse99003,072321,2940,1
9.534936,Mouse99003,072321,2941,1
9.722336,Mouse99003,072321,2942,1
10.8998995,Mouse99003,072321,2943,1
9.678334,Mouse99003,072321,2944,1
12.231871,Mouse99003,072321,2945,1
5.0023837,Mouse99003,072321,2946,1
9.664729,Mouse99003,072321,2947,1
10.504284,Mouse99003,072321,2948,1
7.4515,Mouse99003,072321,2949,1
6.936324,Mouse99003,072321,2950,1
5.503206,Mouse99003,072321,2951,1
10.911274,Mouse99003,072321,2952,1
13.022486,Mouse99003,072321,2953,1
10.240527,Mouse99003,072321,2954,1
13.967556,Mouse99003,072321,2955,1
11.823588,Mouse99003,072321,2956,1
10.201081,Mouse99003,072321,2957,1
10.146304,Mouse99003,072321,2958,1
9.28173,Mouse99003,072321,2959,1
6.3537974,Mouse99003,072321,2960,1
14.283026,Mouse99003,072321,2961,1
7.966052,Mouse99003,072321,2962,1
11.089688,Mouse99003,072321,2963,1
9.798715,Mouse99003,072321,2964,1
11.778514,Mouse99003,072321,2965,1
4.1217556,Mouse99003,072321,2966,1
9.681973,Mouse99003,072321,2967,1
10.164529,Mouse99003,072321,2968,1
10.052431,Mouse99003,072321,2969,1
9.37843,Mouse99003,072321,2970,1
9.979214,Mouse99003,072321,2971,1
8.351634,Mouse99003,072321,2972,1
8.5078,Mouse99003,072321,2973,1
14.514486,Mouse99003,072321,2974,1
11.617575,Mouse99003,072321,2975,1
10.708923,Mouse99003,072321,2976,1
11.440517,Mouse99003,072321,2977,1
11.489076,Mouse99003,072321,2978,1
17.338886,Mouse99003,072321,2979,1
9.242907,Mouse99003,072321,2980,1
8.24239,Mouse99003,072321,2981,1
6.0396585,Mouse99003,072321,2982,1
14.0241785,Mouse99003,072321,2983,1
13.50254,Mouse99003,072321,2984,1
7.3124557,Mouse99003,072321,2985,1
15.067175,Mouse99003,072321,2986,1
15.481965,Mouse99003,072321,2987,1
17.860239,Mouse99003,072321,2988,1
11.959565,Mouse99003,072321,2989,1
14.397877,Mouse99003,072321,2990,1
15.917302,Mouse99003,072321,2991,1
8.205947,Mouse99003,072321,2992,1
15.634266,Mouse99003,072321,2993,1
7.2352796,Mouse99003,072321,2994,1
11.911486,Mouse99003,072321,2995,1
11.190715,Mouse99003,072321,2996,1
8.892705,Mouse99003,072321,2997,1
6.433295,Mouse99003,072321,2998,1
7.9669995,Mouse99003,072321,2999,1
12.527765,Mouse99003,072321,3000,1
9.749622,Mouse99003,072321,3001,1
13.436104,Mouse99003,072321,3002,1
9.033483,Mouse99003,072321,3003,1
13.146693,Mouse99003,072321,3004,1
10.622293,Mouse99003,072321,3005,1
17.674236,Mouse99003,072321,3006,1
8.135932,Mouse99003,072321,3007,1
4.187736,Mouse99003,072321,3008,1
11.342131,Mouse99003,072321,3009,1
12.04289,Mouse99003,072321,3010,1
12.484832,Mouse99003,072321,3011,1
7.4268875,Mouse99003,072321,3012,1
8.3808155,Mouse99003,072321,3013,1
6.9935746,Mouse99003,072321,3014,1
10.809822,Mouse99003,072321,3015,1
10.395727,Mouse99003,072321,3016,1
11.614535,Mouse99003,072321,3019,1
10.377348,Mouse99003,072321,3020,1
4.2764263,Mouse99003,072321,3021,1
6.931915,Mouse99003,072321,3022,1
7.0142775,Mouse99003,072321,3023,1
7.301772,Mouse99003,072321,3024,1
17.309671,Mouse99003,072321,3025,1
7.852187,Mouse99003,072321,3026,1
11.544747,Mouse99003,072321,3027,1
8.829495,Mouse99003,072321,3028,1
8.281346,Mouse99003,072321,3029,1
10.013405,Mouse99003,072321,3030,1
13.398044,Mouse99003,072321,3031,1
8.915461,Mouse99003,072321,3032,1
10.517964,Mouse99003,072321,3033,1
9.382264,Mouse99003,072321,3034,1
7.1064906,Mouse99003,072321,3035,1
8.813049,Mouse99003,072321,3036,1
9.989837,Mouse99003,072321,3037,1
8.426452,Mouse99003,072321,3038,1
14.1460085,Mouse99003,072321,3039,1
10.205316,Mouse99003,072321,3040,1
10.5766115,Mouse99003,072321,3041,1
7.43981,Mouse99003,072321,3042,1
10.07281,Mouse99003,072321,3043,1
7.32551,Mouse99003,072321,3044,1
6.3918953,Mouse99003,072321,3045,1
12.282421,Mouse99003,072321,3046,1
5.9638515,Mouse99003,072321,3047,1
10.84715,Mouse99003,072321,3048,1
9.539914,Mouse99003,072321,3049,1
8.374164,Mouse99003,072321,3050,1
13.680447,Mouse99003,072321,3051,1
11.176909,Mouse99003,072321,3052,1
7.5900354,Mouse99003,072321,3053,1
9.581533,Mouse99003,072321,3054,1
5.3832884,Mouse99003,072321,3055,1
12.849148,Mouse99003,072321,3056,1
12.054687,Mouse99003,072321,3057,1
10.944496,Mouse99003,072321,3058,1
9.270662,Mouse99003,072321,3059,1
11.777741,Mouse99003,072321,3060,1
8.035703,Mouse99003,072321,3061,1
8.199199,Mouse99003,072321,3062,1
7.9329195,Mouse99003,072321,3063,1
10.4272785,Mouse99003,072321,3064,1
9.141915,Mouse99003,072321,3065,1
11.492649,Mouse99003,072321,3066,1
8.971603,Mouse99003,072321,3067,1
17.686924,Mouse99003,072321,3068,1
4.6059375,Mouse99003,072321,3069,1
11.96931,Mouse99003,072321,3070,1
10.014466,Mouse99003,072321,3071,1
13.59615,Mouse99003,072321,3072,1
11.861734,Mouse99003,072321,3073,1
11.438761,Mouse99003,072321,3074,1
7.1549664,Mouse99003,072321,3075,1
7.3265853,Mouse99003,072321,3076,1
9.624794,Mouse99003,072321,3077,1
9.471447,Mouse99003,072321,3078,1
8.158624,Mouse99003,072321,3079,1
10.581056,Mouse99003,072321,3080,1
9.477267,Mouse99003,072321,3081,1
10.309798,Mouse99003,072321,3082,1
9.333573,Mouse99003,072321,3083,1
10.040431,Mouse99003,072321,3084,1
10.778359,Mouse99003,072321,3085,1
7.3291616,Mouse99003,072321,3086,1
11.185123,Mouse99003,072321,3087,1
13.884418,Mouse99003,072321,3088,1
9.354613,Mouse99003,072321,3089,1
12.027892,Mouse99003,072321,3090,1
11.056603,Mouse99003,072321,3091,1
11.766601,Mouse99003,072321,3092,1
7.5780096,Mouse99003,072321,3093,1
16.103836,Mouse99003,072321,3094,1
11.198561,Mouse99003,072321,3095,1
9.99376,Mouse99003,072321,3096,1
15.0291605,Mouse99003,072321,3097,1
7.432611,Mouse99003,072321,3098,1
16.337387,Mouse99003,072321,3099,1
6.003219,Mouse99003,072321,3100,1
6.2222347,Mouse99003,072321,3101,1
10.845862,Mouse99003,072321,3102,1
9.14524,Mouse99003,072321,3103,1
9.264922,Mouse99003,072321,3104,1
11.635286,Mouse99003,072321,3105,1
10.111706,Mouse99003,072321,3106,1
7.742285,Mouse99003,072321,3107,1
11.390555,Mouse99003,072321,3108,1
13.327352,Mouse99003,072321,3110,1
9.206171,Mouse99003,072321,3111,1
9.748531,Mouse99003,072321,3112,1
8.638478,Mouse99003,072321,3113,1
10.719276,Mouse99003,072321,3114,1
13.146185,Mouse99003,072321,3115,1
8.125989,Mouse99003,072321,3116,1
7.5766764,Mouse99003,072321,3117,1
11.366062,Mouse99003,072321,3118,1
4.975729,Mouse99003,072321,3119,1
12.55097,Mouse99003,072321,3120,1
8.141347,Mouse99003,072321,3121,1
10.8221,Mouse99003,072321,3122,1
10.862005,Mouse99003,072321,3123,1
10.311326,Mouse99003,072321,3124,1
10.905261,Mouse99003,072321,3125,1
9.332172,Mouse99003,072321,3126,1
14.518357,Mouse99003,072321,3127,1
9.621179,Mouse99003,072321,3128,1
13.550382,Mouse99003,072321,3129,1
10.182521,Mouse99003,072321,3130,1
10.740467,Mouse99003,072321,3131,1
13.421923,Mouse99003,072321,3132,1
8.463963,Mouse99003,072321,3133,1
8.275387,Mouse99003,072321,3134,1
8.909683,Mouse99003,072321,3135,1
14.232181,Mouse99003,072321,3136,1
9.03767,Mouse99003,072321,3137,1
9.468361,Mouse99003,072321,3138,1
8.481384,Mouse99003,072321,3139,1
10.8795805,Mouse99003,072321,3140,1
6.6399302,Mouse99003,072321,3141,1
3.662457,Mouse99003,072321,3142,1
7.8593583,Mouse99003,072321,3143,1
10.370356,Mouse99003,072321,3144,1
5.400923,Mouse99003,072321,3145,1
8.373239,Mouse99003,072321,3146,1
11.660494,Mouse99003,072321,3147,1
9.474436,Mouse99003,072321,3148,1
9.810155,Mouse99003,072321,3149,1
11.664456,Mouse99003,072321,3150,1
11.50206,Mouse99003,072321,3151,1
10.172923,Mouse99003,072321,3152,1
7.723468,Mouse99003,072321,3153,1
12.054092,Mouse99003,072321,3154,1
11.886989,Mouse99003,072321,3155,1
7.140996,Mouse99003,072321,3156,1
10.208136,Mouse99003,072321,3157,1
10.0367565,Mouse99003,072321,3158,1
8.149382,Mouse99003,072321,3159,1
6.029938,Mouse99003,072321,3160,1
10.373315,Mouse99003,072321,3161,1
12.225512,Mouse99003,072321,3162,1
10.915609,Mouse99003,072321,3163,1
11.236405,Mouse99003,072321,3164,1
15.092349,Mouse99003,072321,3165,1
11.161789,Mouse99003,072321,3166,1
9.914847,Mouse99003,072321,3167,1
8.711492,Mouse99003,072321,3168,1
12.803823,Mouse99003,072321,3169,1
5.7086296,Mouse99003,072321,3170,1
10.011964,Mouse99003,072321,3171,1
5.7026267,Mouse99003,072321,3172,1
14.664678,Mouse99003,072321,3173,1
8.548241,Mouse99003,072321,3174,1
15.852027,Mouse99003,072321,3175,1
8.608235,Mouse99003,072321,3176,1
9.848639,Mouse99003,072321,3177,1
7.493702,Mouse99003,072321,3178,1
8.376821,Mouse99003,072321,3179,1
10.897392,Mouse99003,072321,3180,1
12.357548,Mouse99003,072321,3181,1
8.891279,Mouse99003,072321,3182,1
8.0339985,Mouse99003,072321,3183,1
21.76731,Mouse99003,072321,3184,1
8.225851,Mouse99003,072321,3185,1
10.46893,Mouse99003,072321,3186,1
12.179438,Mouse99003,072321,3187,1
12.582978,Mouse99003,072321,3188,1
7.1291466,Mouse99003,072321,3189,1
9.1772785,Mouse99003,072321,3190,1
10.443104,Mouse99003,072321,3191,1
13.041814,Mouse99003,072321,3192,1
10.893641,Mouse99003,072321,3193,1
12.847191,Mouse99003,072321,3194,1
10.027506,Mouse99003,072321,3195,1
11.835367,Mouse99003,072321,3196,1
6.6720037,Mouse99003,072321,3197,1
6.1022754,Mouse99003,072321,3198,1
8.183315,Mouse99003,072321,3199,1
7.9758964,Mouse99003,072321,3200,1
11.80115,Mouse99003,072321,3201,1
11.4777975,Mouse99003,072321,3202,1
10.933182,Mouse99003,072321,3203,1
12.456796,Mouse99003,072321,3204,1
6.5136824,Mouse99003,072321,3205,1
10.913485,Mouse99003,072321,3206,1
6.720267,Mouse99003,072321,3207,1
12.667158,Mouse99003,072321,3208,1
7.5684757,Mouse99003,072321,3209,1
11.263434,Mouse99003,072321,3210,1
7.338143,Mouse99003,072321,3211,1
7.010903,Mouse99003,072321,3212,1
7.5081286,Mouse99003,072321,3213,1
11.7037945,Mouse99003,072321,3214,1
9.537902,Mouse99003,072321,3215,1
9.01472,Mouse99003,072321,3216,1
9.182044,Mouse99003,072321,3217,1
8.082831,Mouse99003,072321,3218,1
7.233845,Mouse99003,072321,3219,1
6.66853,Mouse99003,072321,3220,1
13.362819,Mouse99003,072321,3221,1
10.042511,Mouse99003,072321,3222,1
7.8020773,Mouse99003,072321,3223,1
9.997201,Mouse99003,072321,3224,1
7.89044,Mouse99003,072321,3225,1
8.929348,Mouse99003,072321,3226,1
4.81025,Mouse99003,072321,3227,1
9.085334,Mouse99003,072321,3228,1
13.156094,Mouse99003,072321,3229,1
13.745996,Mouse99003,072321,3230,1
5.874656,Mouse99003,072321,3231,1
12.343386,Mouse99003,072321,3232,1
8.21463,Mouse99003,072321,3233,1
12.383031,Mouse99003,072321,3234,1
11.578456,Mouse99003,072321,3235,1
8.338002,Mouse99003,072321,3236,1
9.64977,Mouse99003,072321,3237,1
12.17924,Mouse99003,072321,3238,1
11.977882,Mouse99003,072321,3239,1
8.447485,Mouse99003,072321,3240,1
10.218621,Mouse99003,072321,3241,1
13.463651,Mouse99003,072321,3242,1
10.708621,Mouse99003,072321,3243,1
10.130713,Mouse99003,072321,3244,1
6.9559593,Mouse99003,072321,3245,1
9.084398,Mouse99003,072321,3246,1
8.5615,Mouse99003,072321,3247,1
11.219836,Mouse99003,072321,3248,1
10.947439,Mouse99003,072321,3249,1
12.983519,Mouse99003,072321,3250,1
2.4251404,Mouse99003,072321,3251,1
7.256949,Mouse99003,072321,3252,1
9.526782,Mouse99003,072321,3253,1
5.90235,Mouse99003,072321,3254,1
8.726611,Mouse99003,072321,3255,1
9.224112,Mouse99003,072321,3256,1
5.6423173,Mouse99003,072321,3257,1
9.828371,Mouse99003,072321,3258,1
12.6276245,Mouse99003,072321,3259,1
9.373197,Mouse99003,072321,3260,1
5.336142,Mouse99003,072321,3261,1
6.2321253,Mouse99003,072321,3262,1
12.02839,Mouse99003,072321,3263,1
5.70018,Mouse99003,072321,3264,1
12.323355,Mouse99003,072321,3265,1
9.234925,Mouse99003,072321,3266,1
10.261826,Mouse99003,072321,3267,1
9.36407,Mouse99003,072321,3268,1
5.3702946,Mouse99003,072321,3269,1
8.170655,Mouse99003,072321,3270,1
7.941107,Mouse99003,072321,3271,1
11.1158285,Mouse99003,072321,3272,1
5.9347563,Mouse99003,072321,3273,1
6.686209,Mouse99003,072321,3274,1
8.081819,Mouse99003,072321,3275,1
7.146036,Mouse99003,072321,3276,1
11.012033,Mouse99003,072321,3277,1
4.6583524,Mouse99003,072321,3278,1
9.604956,Mouse99003,072321,3279,1
7.815082,Mouse99003,072321,3280,1
8.775796,Mouse99003,072321,3281,1
9.751063,Mouse99003,072321,3282,1
14.845237,Mouse99003,072321,3283,1
6.2667394,Mouse99003,072321,3284,1
9.915265,Mouse99003,072321,3285,1
7.8067575,Mouse99003,072321,3286,1
9.824263,Mouse99003,072321,3287,1
8.241521,Mouse99003,072321,3288,1
8.223423,Mouse99003,072321,3289,1
7.0355964,Mouse99003,072321,3290,1
14.773571,Mouse99003,072321,3291,1
6.0119033,Mouse99003,072321,3292,1
6.251764,Mouse99003,072321,3293,1
7.929831,Mouse99003,072321,3294,1
10.038786,Mouse99003,072321,3295,1
15.833913,Mouse99003,072321,3296,1
5.3907094,Mouse99003,072321,3297,1
8.9749,Mouse99003,072321,3298,1
5.189056,Mouse99003,072321,3299,1
7.499615,Mouse99003,072321,3300,1
9.971804,Mouse99003,072321,3301,1
7.995169,Mouse99003,072321,3302,1
9.473318,Mouse99003,072321,3303,1
12.479377,Mouse99003,072321,3304,1
10.365309,Mouse99003,072321,3305,1
5.7988815,Mouse99003,072321,3306,1
8.24265,Mouse99003,072321,3307,1
9.340392,Mouse99003,072321,3308,1
8.022853,Mouse99003,072321,3309,1
7.575068,Mouse99003,072321,3310,1
8.953119,Mouse99003,072321,3311,1
15.220543,Mouse99003,072321,3312,1
7.819672,Mouse99003,072321,3313,1
6.1333966,Mouse99003,072321,3314,1
8.565843,Mouse99003,072321,3315,1
7.929853,Mouse99003,072321,3316,1
9.6258335,Mouse99003,072321,3317,1
5.8246574,Mouse99003,072321,3318,1
6.880761,Mouse99003,072321,3319,1
11.289518,Mouse99003,072321,3320,1
8.469841,Mouse99003,072321,3321,1
8.830886,Mouse99003,072321,3322,1
7.1542654,Mouse99003,072321,3323,1
9.199681,Mouse99003,072321,3324,1
9.266667,Mouse99003,072321,3325,1
7.11486,Mouse99003,072321,3326,1
8.508585,Mouse99003,072321,3327,1
8.686543,Mouse99003,072321,3328,1
12.805871,Mouse99003,072321,3329,1
12.820037,Mouse99003,072321,3330,1
11.211768,Mouse99003,072321,3331,1
9.752406,Mouse99003,072321,3332,1
8.206851,Mouse99003,072321,3333,1
11.339544,Mouse99003,072321,3334,1
11.429082,Mouse99003,072321,3335,1
12.19665,Mouse99003,072321,3336,1
7.5159307,Mouse99003,072321,3337,1
5.008172,Mouse99003,072321,3338,1
11.154833,Mouse99003,072321,3339,1
9.161439,Mouse99003,072321,3340,1
4.26808,Mouse99003,072321,3341,1
9.529647,Mouse99003,072321,3342,1
6.3351607,Mouse99003,072321,3343,1
5.2710567,Mouse99003,072321,3344,1
16.484709,Mouse99003,072321,3345,1
8.139128,Mouse99003,072321,3346,1
6.634533,Mouse99003,072321,3347,1
7.3846316,Mouse99003,072321,3348,1
6.623657,Mouse99003,072321,3349,1
9.782101,Mouse99003,072321,3350,1
9.263971,Mouse99003,072321,3351,1
6.6635017,Mouse99003,072321,3352,1
9.312009,Mouse99003,072321,3353,1
7.6776614,Mouse99003,072321,3354,1
11.487467,Mouse99003,072321,3355,1
8.887107,Mouse99003,072321,3356,1
6.1695848,Mouse99003,072321,3357,1
8.976883,Mouse99003,072321,3358,1
7.300975,Mouse99003,072321,3359,1
11.125418,Mouse99003,072321,3360,1
8.569183,Mouse99003,072321,3361,1
6.979358,Mouse99003,072321,3362,1
7.940492,Mouse99003,072321,3363,1
8.981137,Mouse99003,072321,3364,1
10.454978,Mouse99003,072321,3365,1
8.845809,Mouse99003,072321,3366,1
15.643435,Mouse99003,072321,3367,1
7.8912125,Mouse99003,072321,3368,1
6.278379,Mouse99003,072321,3369,1
10.747948,Mouse99003,072321,3370,1
10.322291,Mouse99003,072321,3371,1
8.92044,Mouse99003,072321,3372,1
6.5726924,Mouse99003,072321,3373,1
9.168463,Mouse99003,072321,3374,1
3.788772,Mouse99003,072321,3375,1
10.634894,Mouse99003,072321,3376,1
8.706824,Mouse99003,072321,3377,1
9.54837,Mouse99003,072321,3378,1
7.0078173,Mouse99003,072321,3379,1
7.9419622,Mouse99003,072321,3380,1
7.114644,Mouse99003,072321,3381,1
12.437634,Mouse99003,072321,3382,1
9.098467,Mouse99003,072321,3383,1
7.6518483,Mouse99003,072321,3384,1
7.7704735,Mouse99003,072321,3385,1
8.82792,Mouse99003,072321,3386,1
10.0745325,Mouse99003,072321,3387,1
12.515708,Mouse99003,072321,3388,1
9.224891,Mouse99003,072321,3389,1
5.1978164,Mouse99003,072321,3390,1
8.32388,Mouse99003,072321,3391,1
8.810312,Mouse99003,072321,3392,1
3.8399901,Mouse99003,072321,3393,1
12.377139,Mouse99003,072321,3394,1
8.8105955,Mouse99003,072321,3395,1
8.585292,Mouse99003,072321,3396,1
6.405923,Mouse99003,072321,3397,1
12.757123,Mouse99003,072321,3398,1
9.912597,Mouse99003,072321,3399,1
9.480006,Mouse99003,072321,3400,1
7.235038,Mouse99003,072321,3401,1
12.857276,Mouse99003,072321,3402,1
11.838412,Mouse99003,072321,3403,1
8.601616,Mouse99003,072321,3404,1
8.18598,Mouse99003,072321,3405,1
7.7571945,Mouse99003,072321,3406,1
9.594071,Mouse99003,072321,3407,1
9.9566345,Mouse99003,072321,3408,1
9.629763,Mouse99003,072321,3409,1
6.57471,Mouse99003,072321,3410,1
13.93461,Mouse99003,072321,3411,1
6.346384,Mouse99003,072321,3412,1
8.511484,Mouse99003,072321,3413,1
9.094819,Mouse99003,072321,3414,1
14.631358,Mouse99003,072321,3415,1
8.480206,Mouse99003,072321,3416,1
10.641035,Mouse99003,072321,3417,1
10.451029,Mouse99003,072321,3418,1
9.568096,Mouse99003,072321,3419,1
10.436364,Mouse99003,072321,3420,1
14.982371,Mouse99003,072321,3421,1
17.435284,Mouse99003,072321,3422,1
6.0410047,Mouse99003,072321,3423,1
9.578348,Mouse99003,072321,3424,1
12.169083,Mouse99003,072321,3425,1
11.849488,Mouse99003,072321,3426,1
11.719494,Mouse99003,072321,3427,1
8.610201,Mouse99003,072321,3428,1
7.737806,Mouse99003,072321,3429,1
8.127318,Mouse99003,072321,3430,1
9.957055,Mouse99003,072321,3431,1
8.884481,Mouse99003,072321,3432,1
8.580114,Mouse99003,072321,3433,1
12.634462,Mouse99003,072321,3434,1
14.416935,Mouse99003,072321,3435,1
6.8883867,Mouse99003,072321,3436,1
8.952783,Mouse99003,072321,3437,1
13.302142,Mouse99003,072321,3438,1
10.676326,Mouse99003,072321,3439,1
11.297091,Mouse99003,072321,3440,1
8.843134,Mouse99003,072321,3441,1
5.626637,Mouse99003,072321,3442,1
11.435398,Mouse99003,072321,3443,1
9.335066,Mouse99003,072321,3444,1
9.777312,Mouse99003,072321,3445,1
7.558525,Mouse99003,072321,3446,1
9.071146,Mouse99003,072321,3447,1
13.761995,Mouse99003,072321,3448,1
8.157996,Mouse99003,072321,3449,1
13.364171,Mouse99003,072321,3450,1
8.573505,Mouse99003,072321,3451,1
10.469475,Mouse99003,072321,3452,1
5.3749795,Mouse99003,072321,3453,1
8.407897,Mouse99003,072321,3454,1
9.91136,Mouse99003,072321,3455,1
13.007844,Mouse99003,072321,3456,1
7.27465,Mouse99003,072321,3457,1
12.112142,Mouse99003,072321,3458,1
9.067064,Mouse99003,072321,3459,1
5.735275,Mouse99003,072321,3460,1
7.400637,Mouse99003,072321,3461,1
14.04227,Mouse99003,072321,3462,1
13.1007805,Mouse99003,072321,3463,1
8.939529,Mouse99003,072321,3464,1
10.628631,Mouse99003,072321,3465,1
11.131951,Mouse99003,072321,3466,1
13.823398,Mouse99003,072321,3467,1
9.48831,Mouse99003,072321,3468,1
10.323161,Mouse99003,072321,3469,1
9.253109,Mouse99003,072321,3470,1
10.433573,Mouse99003,072321,3471,1
8.604302,Mouse99003,072321,3472,1
14.508173,Mouse99003,072321,3473,1
12.088802,Mouse99003,072321,3474,1
10.269005,Mouse99003,072321,3475,1
12.529055,Mouse99003,072321,3476,1
6.545418,Mouse99003,072321,3477,1
14.741014,Mouse99003,072321,3478,1
6.9268136,Mouse99003,072321,3479,1
9.776252,Mouse99003,072321,3480,1
8.571522,Mouse99003,072321,3481,1
8.88401,Mouse99003,072321,3482,1
8.818215,Mouse99003,072321,3483,1
8.078552,Mouse99003,072321,3484,1
8.066989,Mouse99003,072321,3485,1
13.548416,Mouse99003,072321,3486,1
12.206917,Mouse99003,072321,3487,1
6.978477,Mouse99003,072321,3488,1
10.20137,Mouse99003,072321,3489,1
13.697059,Mouse99003,072321,3490,1
8.587925,Mouse99003,072321,3491,1
10.240826,Mouse99003,072321,3492,1
10.508173,Mouse99003,072321,3493,1
8.139859,Mouse99003,072321,3494,1
8.538986,Mouse99003,072321,3495,1
6.403447,Mouse99003,072321,3496,1
8.233554,Mouse99003,072321,3497,1
12.00756,Mouse99003,072321,3498,1
12.444208,Mouse99003,072321,3499,1
12.163358,Mouse99003,072321,3500,1
14.60755,Mouse99003,072321,3501,1
9.4818125,Mouse99003,072321,3502,1
9.422763,Mouse99003,072321,3503,1
9.08745,Mouse99003,072321,3504,1
11.897545,Mouse99003,072321,3505,1
10.644558,Mouse99003,072321,3506,1
5.2591047,Mouse99003,072321,3507,1
5.154579,Mouse99003,072321,3508,1
12.71513,Mouse99003,072321,3509,1
11.544275,Mouse99003,072321,3510,1
7.3572545,Mouse99003,072321,3511,1
12.978136,Mouse99003,072321,3512,1
10.282739,Mouse99003,072321,3513,1
5.3981876,Mouse99003,072321,3514,1
9.914422,Mouse99003,072321,3515,1
10.696676,Mouse99003,072321,3516,1
8.800365,Mouse99003,072321,3517,1
4.626236,Mouse99003,072321,3518,1
9.461939,Mouse99003,072321,3519,1
9.70143,Mouse99003,072321,3520,1
14.04185,Mouse99003,072321,3521,1
12.890046,Mouse99003,072321,3522,1
5.513611,Mouse99003,072321,3523,1
16.440517,Mouse99003,072321,3524,1
14.539633,Mouse99003,072321,3525,1
13.873615,Mouse99003,072321,3526,1
11.750532,Mouse99003,072321,3527,1
11.815206,Mouse99003,072321,3528,1
11.661533,Mouse99003,072321,3529,1
8.649774,Mouse99003,072321,3530,1
8.261397,Mouse99003,072321,3531,1
9.025921,Mouse99003,072321,3532,1
6.836551,Mouse99003,072321,3533,1
13.107799,Mouse99003,072321,3534,1
9.949955,Mouse99003,072321,3535,1
4.4444833,Mouse99003,072321,3536,1
12.293497,Mouse99003,072321,3537,1
18.241476,Mouse99003,072321,3538,1
8.163559,Mouse99003,072321,3539,1
8.789195,Mouse99003,072321,3540,1
7.787301,Mouse99003,072321,3541,1
9.459814,Mouse99003,072321,3542,1
10.443396,Mouse99003,072321,3543,1
13.318158,Mouse99003,072321,3544,1
9.5946045,Mouse99003,072321,3545,1
8.16795,Mouse99003,072321,3546,1
8.159395,Mouse99003,072321,3547,1
9.4922085,Mouse99003,072321,3548,1
8.629364,Mouse99003,072321,3549,1
9.75008,Mouse99003,072321,3550,1
8.0542965,Mouse99003,072321,3551,1
8.30598,Mouse99003,072321,3552,1
12.704929,Mouse99003,072321,3553,1
6.48454,Mouse99003,072321,3554,1
12.666137,Mouse99003,072321,3555,1
8.220196,Mouse99003,072321,3556,1
7.21783,Mouse99003,072321,3557,1
13.268067,Mouse99003,072321,3558,1
10.040225,Mouse99003,072321,3559,1
6.2040887,Mouse99003,072321,3560,1
8.93624,Mouse99003,072321,3561,1
11.557389,Mouse99003,072321,3562,1
12.515726,Mouse99003,072321,3563,1
10.041257,Mouse99003,072321,3564,1
6.5562487,Mouse99003,072321,3565,1
8.697867,Mouse99003,072321,3566,1
10.092597,Mouse99003,072321,3567,1
12.793053,Mouse99003,072321,3568,1
10.108675,Mouse99003,072321,3569,1
8.340062,Mouse99003,072321,3570,1
7.360525,Mouse99003,072321,3571,1
5.1571674,Mouse99003,072321,3572,1
9.543722,Mouse99003,072321,3573,1
8.567322,Mouse99003,072321,3574,1
10.098326,Mouse99003,072321,3575,1
6.572139,Mouse99003,072321,3576,1
10.303875,Mouse99003,072321,3577,1
9.829364,Mouse99003,072321,3578,1
9.117725,Mouse99003,072321,3579,1
14.478622,Mouse99003,072321,3580,1
8.293896,Mouse99003,072321,3581,1
9.94942,Mouse99003,072321,3582,1
10.257889,Mouse99003,072321,3583,1
10.549584,Mouse99003,072321,3584,1
10.557472,Mouse99003,072321,3585,1
10.281453,Mouse99003,072321,3586,1
9.860166,Mouse99003,072321,3587,1
16.718489,Mouse99003,072321,3588,1
9.8665905,Mouse99003,072321,3589,1
10.691529,Mouse99003,072321,3590,1
6.594604,Mouse99003,072321,3591,1
11.106302,Mouse99003,072321,3592,1
13.339623,Mouse99003,072321,3593,1
11.488846,Mouse99003,072321,3594,1
6.548819,Mouse99003,072321,3595,1
11.82052,Mouse99003,072321,3596,1
9.735393,Mouse99003,072321,3597,1
7.488446,Mouse99003,072321,3598,1
10.346199,Mouse99003,072321,3599,1
8.301961,Mouse99003,072321,3600,1
14.492279,Mouse99003,072321,3601,1
15.443443,Mouse99003,072321,3602,1
11.41954,Mouse99003,072321,3603,1
11.006536,Mouse99003,072321,3604,1
13.888408,Mouse99003,072321,3605,1
12.884242,Mouse99003,072321,3606,1
9.583568,Mouse99003,072321,3607,1
7.368623,Mouse99003,072321,3608,1
15.305706,Mouse99003,072321,3609,1
15.415511,Mouse99003,072321,3610,1
9.687725,Mouse99003,072321,3611,1
5.251146,Mouse99003,072321,3612,1
7.495329,Mouse99003,072321,3613,1
5.3740635,Mouse99003,072321,3614,1
7.02243,Mouse99003,072321,3615,1
8.420427,Mouse99003,072321,3616,1
5.759157,Mouse99003,072321,3617,1
10.220078,Mouse99003,072321,3618,1
9.6384,Mouse99003,072321,3619,1
6.433708,Mouse99003,072321,3620,1
10.074689,Mouse99003,072321,3621,1
13.5202465,Mouse99003,072321,3622,1
7.0855103,Mouse99003,072321,3623,1
15.597448,Mouse99003,072321,3624,1
13.912059,Mouse99003,072321,3625,1
7.586241,Mouse99003,072321,3626,1
7.156916,Mouse99003,072321,3627,1
10.189713,Mouse99003,072321,3628,1
10.682029,Mouse99003,072321,3629,1
6.2152495,Mouse99003,072321,3630,1
8.467373,Mouse99003,072321,3631,1
4.9391317,Mouse99003,072321,3632,1
4.2801347,Mouse99003,072321,3633,1
17.19072,Mouse99003,072321,3634,1
9.93346,Mouse99003,072321,3635,1
12.503113,Mouse99003,072321,3636,1
11.7615385,Mouse99003,072321,3637,1
10.308189,Mouse99003,072321,3638,1
7.9018817,Mouse99003,072321,3639,1
8.263705,Mouse99003,072321,3640,1
14.152919,Mouse99003,072321,3641,1
8.048912,Mouse99003,072321,3642,1
8.717902,Mouse99003,072321,3643,1
12.635662,Mouse99003,072321,3644,1
7.596454,Mouse99003,072321,3645,1
12.482966,Mouse99003,072321,3646,1
9.897172,Mouse99003,072321,3647,1
5.399273,Mouse99003,072321,3648,1
6.0880904,Mouse99003,072321,3649,1
12.582263,Mouse99003,072321,3650,1
6.4426317,Mouse99003,072321,3651,1
13.366827,Mouse99003,072321,3652,1
11.372199,Mouse99003,072321,3653,1
12.101068,Mouse99003,072321,3654,1
5.3825107,Mouse99003,072321,3655,1
8.500182,Mouse99003,072321,3656,1
11.523184,Mouse99003,072321,3657,1
9.764449,Mouse99003,072321,3658,1
9.72609,Mouse99003,072321,3659,1
8.821806,Mouse99003,072321,3660,1
7.555696,Mouse99003,072321,3661,1
10.052998,Mouse99003,072321,3662,1
10.1147375,Mouse99003,072321,3663,1
10.34093,Mouse99003,072321,3664,1
9.69618,Mouse99003,072321,3665,1
8.477217,Mouse99003,072321,3666,1
8.576827,Mouse99003,072321,3667,1
10.514434,Mouse99003,072321,3668,1
10.819752,Mouse99003,072321,3669,1
12.472659,Mouse99003,072321,3670,1
11.454462,Mouse99003,072321,3671,1
7.127196,Mouse99003,072321,3672,1
10.398971,Mouse99003,072321,3673,1
6.046587,Mouse99003,072321,3674,1
7.2770395,Mouse99003,072321,3675,1
10.755639,Mouse99003,072321,3676,1
8.952553,Mouse99003,072321,3677,1
13.316003,Mouse99003,072321,3678,1
12.1119585,Mouse99003,072321,3679,1
12.973654,Mouse99003,072321,3680,1
10.768798,Mouse99003,072321,3681,1
7.358992,Mouse99003,072321,3682,1
8.637663,Mouse99003,072321,3683,1
7.9150934,Mouse99003,072321,3684,1
7.022794,Mouse99003,072321,3685,1
8.083979,Mouse99003,072321,3686,1
8.7907295,Mouse99003,072321,3687,1
10.877711,Mouse99003,072321,3688,1
10.36164,Mouse99003,072321,3689,1
7.0982413,Mouse99003,072321,3690,1
