,Mouse,Group,-30,-29,-28,-27,-26,-25,-24,-23,-22,-21,-20,-19,-18,-17,-16,-15,-14,-13,-12,-11,-10,-9,-8,-7,-6,-5,-4,-3,-2,-1,0,1,2,3,4,5,6,7,8,9,10,11,12,13,14,15,16,17,18,19,20,21,22,23,24,25,26,27,28,29,30,31,32,33,34,35,36,37,38,39,40,41,42,43,44,45,46,47,48,49,50,51,52,53,54,55,56,57,58,59,60,61,62,63,64,65,66,67,68,69,70,71,72,73,74,75,76,77,78,79,80,81,82,83,84,85,86,87,88,89,90,91,92,93,94,95,96,97,98,99,100,101,102,103,104,105,106,107,108,109,110,111,112,113,114,115,116,117,118,119
0,Mouse39114,group_1,0.017443984746932983,0.015004456043243408,0.020883681252598763,0.025812627747654915,0.01898878812789917,0.00576065992936492,0.034266915172338486,0.049864232540130615,0.10812389105558395,0.005917564034461975,0.026281660422682762,0.029623493552207947,0.0010784997139126062,0.010288992896676064,0.07066813856363297,0.05786560848355293,0.029879078269004822,0.0919007956981659,0.04261774942278862,0.015449701808393002,0.03711772337555885,0.004724660888314247,0.07522770762443542,0.042678430676460266,0.0037153547164052725,0.005999014247208834,0.038146547973155975,0.02713017351925373,0.042156755924224854,0.029017988592386246,0.025052350014448166,0.11101871728897095,0.09119126200675964,0.03633052855730057,0.06950831413269043,0.05640343576669693,0.026069076731801033,0.04223231226205826,0.03767228126525879,0.02926076017320156,0.026417044922709465,0.04227006807923317,0.04256653040647507,0.04340967908501625,0.046130016446113586,0.043955378234386444,0.035448841750621796,0.05743841454386711,0.03817717358469963,0.06788314133882523,0.058434952050447464,0.05639989301562309,0.03874946013092995,0.07377206534147263,0.10144992172718048,0.029397843405604362,0.018416406586766243,0.08326897770166397,0.025021618232131004,0.005946938414126635,0.07152695953845978,0.032200947403907776,0.0731494128704071,0.07316663861274719,0.09011956304311752,0.07446132600307465,0.11036130785942078,0.06693737208843231,0.057210084050893784,0.04185407981276512,0.05190109834074974,0.06293148547410965,0.08438257873058319,0.08567846566438675,0.05955827608704567,0.10821807384490967,0.07595647126436234,0.07839225977659225,0.06849339604377747,0.02541465312242508,0.0056287082843482494,0.03252018988132477,0.045390792191028595,0.029176080599427223,0.021640529856085777,0.06981302797794342,0.12066171318292618,0.03401454538106918,0.11753575503826141,0.06896446645259857,0.10204870253801346,0.031204035505652428,0.06254038214683533,0.06948377937078476,0.03587041422724724,0.050796668976545334,0.10246791690587997,0.01831006072461605,0.041619084775447845,0.03402623161673546,0.08003166317939758,0.07067076116800308,0.08856836706399918,0.07111182808876038,0.06729913502931595,0.02787422388792038,0.05212991684675217,0.03144579008221626,0.11523047834634781,0.0568179227411747,0.019091961905360222,0.011856616474688053,0.04588216543197632,0.022477930411696434,0.017745012417435646,0.03490634635090828,0.03977862372994423,0.07750294357538223,0.05170632526278496,0.08021508902311325,0.056573718786239624,0.032183922827243805,0.04297317937016487,0.04618891328573227,0.0327666737139225,0.03136125206947327,0.04270939901471138,0.041793882846832275,0.035124026238918304,0.03867679461836815,0.0077693467028439045,0.04101484268903732,0.030107250437140465,0.08115719258785248,0.017451390624046326,0.07932084053754807,0.05399862304329872,0.02565552107989788,0.033533066511154175,,0.029469070956110954,0.04867631569504738,0.0434742234647274,0.03136801719665527,0.019838625565171242,0.033528704196214676,0.09016203880310059,0.04428159072995186,0.034660257399082184,0.04140434041619301
1,Mouse39121,group_1,0.04867209121584892,0.09326449036598206,0.0485079251229763,0.0855838805437088,0.06168442592024803,0.08195479214191437,0.003024048637598753,0.027548398822546005,0.06445864588022232,0.07963655143976212,0.06728500127792358,0.03648128733038902,0.0703120157122612,0.03157811611890793,0.06414324790239334,0.04814506694674492,0.06396592408418655,0.04816284403204918,0.013231072574853897,0.027260566130280495,0.01907934620976448,0.0269918292760849,0.07767170667648315,0.0129020307213068,0.026180293411016464,0.05404410883784294,0.05355317145586014,0.0765327513217926,0.050902899354696274,0.06234193965792656,0.013352807611227036,0.06339648365974426,0.11104695498943329,0.07283597439527512,0.0637139230966568,0.1009361669421196,0.09973131120204926,0.08275633305311203,0.09742999076843262,0.11662697046995163,0.14380565285682678,0.10030701756477356,0.0835619643330574,0.03599146753549576,0.04903937503695488,0.020314648747444153,0.05264739319682121,0.08935946226119995,0.04371598735451698,0.06824246793985367,0.05686183273792267,0.1047138050198555,0.02732362039387226,0.022675389423966408,0.05578727275133133,0.0976734310388565,0.07237637042999268,0.06457357108592987,0.031245402991771698,0.010014877654612064,0.006227354519069195,0.011874062940478325,0.020716534927487373,0.0748983770608902,0.07700596004724503,0.0864572525024414,0.02290482260286808,0.057187069207429886,0.047182999551296234,0.06879880279302597,0.09533384442329407,0.034991879016160965,0.06694448739290237,0.07008998095989227,0.0967230275273323,0.08128422498703003,0.06078648194670677,0.008668246679008007,0.08014657348394394,0.05297774821519852,0.03610258921980858,0.09424687176942825,0.0818178653717041,0.06010737270116806,0.046518970280885696,0.04648401215672493,0.05001029744744301,0.07360400259494781,0.028157968074083328,0.046427518129348755,0.0769355446100235,0.06125316396355629,0.09420131146907806,0.09002252668142319,0.10634443163871765,0.05558774992823601,0.03341527283191681,0.031212758272886276,0.07701330631971359,0.0575663261115551,0.1004411056637764,0.005272928159683943,0.06473752111196518,0.05982958897948265,0.04584367945790291,0.0045393663458526134,0.09479106217622757,0.03483439236879349,0.036802489310503006,0.104788638651371,0.07435721904039383,0.027179302647709846,0.05765281245112419,0.03227755427360535,0.03440944105386734,0.05407708138227463,0.05211319401860237,0.0721830204129219,0.01968180201947689,0.09089341759681702,0.0662819966673851,0.06780710816383362,0.005817456636577845,0.050377007573843,0.08082430809736252,0.022529732435941696,0.03349025920033455,0.027298619970679283,0.06781550496816635,0.05641185864806175,0.07620380818843842,0.06678875535726547,0.018245767802000046,0.031925350427627563,0.04143281280994415,0.018757645040750504,0.07704620808362961,0.046153225004673004,0.060249149799346924,0.021874502301216125,0.045002132654190063,0.007663541007786989,0.05241731181740761,0.0493776910007,0.033460307866334915,0.04762828350067139,0.02452424168586731,0.01718408614397049,0.017935315147042274,0.018983468413352966
2,Mouse39124,group_1,0.05363110080361366,0.0382966622710228,0.03190680220723152,0.04583030194044113,0.017500676214694977,0.003984431270509958,0.07391547411680222,0.08389481902122498,0.02398606948554516,0.03977636247873306,0.015084107406437397,0.03100426308810711,0.015300175175070763,0.007141523528844118,0.029774468392133713,0.028109818696975708,0.0359598845243454,0.07950164377689362,0.07260937988758087,0.060325466096401215,0.021402159705758095,0.009009004570543766,0.05129918456077576,0.0530269630253315,0.04076291620731354,,0.03732392191886902,0.057511668652296066,0.05633839592337608,0.027600320056080818,0.054111283272504807,0.05674634128808975,0.060192786157131195,0.10076236724853516,0.0874268114566803,0.10387249290943146,0.03707918897271156,0.10056993365287781,0.0899498388171196,0.09640032052993774,0.0885450690984726,0.07949358224868774,0.10305122286081314,0.1205490455031395,0.08389746397733688,0.10516136884689331,0.10494726896286011,0.13032373785972595,0.09017571061849594,0.09940600395202637,0.0671137273311615,0.11566101014614105,0.0694190040230751,0.07960861176252365,0.0645248144865036,0.14046218991279602,0.09963207691907883,0.06810614466667175,0.09820888936519623,0.09435992687940598,0.049725744873285294,0.0752105638384819,0.10509834438562393,0.11109838634729385,0.02092292159795761,0.0744524896144867,0.13404254615306854,0.08704012632369995,0.09355246275663376,0.11775574833154678,0.07380606979131699,0.09352531284093857,0.07122158259153366,0.12667572498321533,0.055654387921094894,0.12482285499572754,0.0954183042049408,0.06095072627067566,0.019729429855942726,0.03936063125729561,0.04809044301509857,0.050456613302230835,0.06192933768033981,0.09832579642534256,0.06875436753034592,0.12460651248693466,0.07674406468868256,0.08263520896434784,0.09903959184885025,0.1076059490442276,0.08276239037513733,0.09349075704813004,0.026548996567726135,0.03460022062063217,0.09423685818910599,0.0642474815249443,0.002490901155397296,0.05846647918224335,0.025156812742352486,0.08879370242357254,0.06126504763960838,0.09377211332321167,0.04621689021587372,0.08569049090147018,0.10887965559959412,0.07258830964565277,0.08608140796422958,0.09244511276483536,0.11570463329553604,0.07671783119440079,0.11164590716362,0.08551757782697678,0.0649079829454422,0.11682131886482239,0.033720262348651886,0.06548409163951874,0.06383416056632996,,0.07912038266658783,0.02606242708861828,0.020289260894060135,0.08967242389917374,0.03560887277126312,0.04311332851648331,0.054222773760557175,0.05011335015296936,0.04945164546370506,0.07576002180576324,0.05394068732857704,0.04862721636891365,0.04077664390206337,0.06585413217544556,0.026349471881985664,0.09638796001672745,0.049429841339588165,0.031674742698669434,0.050296541303396225,0.025677695870399475,0.08445410430431366,0.07607121020555496,0.06819210946559906,0.0777343288064003,0.10884510725736618,0.07213012874126434,0.09226082265377045,0.07747633755207062,0.07878509908914566,0.020804641768336296,0.04086161032319069,0.06027825176715851
3,Mouse39133,group_1,0.06424933671951294,0.05707738175988197,0.010484680533409119,0.024295015260577202,0.00957348383963108,0.028006620705127716,0.04280614107847214,0.040686678141355515,0.005663302261382341,0.007965270429849625,0.03558320924639702,0.00608140230178833,0.047111716121435165,0.047409553080797195,0.0630766898393631,0.05149459466338158,0.024379532784223557,0.05995897948741913,0.07729942351579666,0.05453051999211311,0.0013669169275090098,0.028912728652358055,0.04503661021590233,0.039948876947164536,0.031941670924425125,0.043281085789203644,0.0750366747379303,0.037303704768419266,0.06668245792388916,0.06676937639713287,0.02630460262298584,0.026462620124220848,0.022050097584724426,0.04267330840229988,0.03185708820819855,0.002926043700426817,0.07580848038196564,0.08851810544729233,0.019189873710274696,0.10166964679956436,0.07481400668621063,0.047529999166727066,0.03248817101120949,0.061288367956876755,0.0719873458147049,0.05371273681521416,0.04445289075374603,0.06096506863832474,0.031573858112096786,0.06686878949403763,0.050025951117277145,0.07323595136404037,0.0165848545730114,0.04209257662296295,0.05731648579239845,0.04001110792160034,0.0772184282541275,0.0742977038025856,0.04899931699037552,0.04862406849861145,0.031047994270920753,0.03003726899623871,0.08473634719848633,0.04287150502204895,0.049460519105196,0.04137809947133064,0.07102174311876297,0.03337866812944412,0.12356636673212051,0.05428561195731163,0.06833411753177643,0.0573422834277153,0.05515070632100105,0.03643700107932091,0.03217161446809769,0.05142379179596901,0.07911209762096405,0.01834387518465519,0.073002889752388,0.06184373423457146,0.03835580125451088,0.0487525537610054,0.09966251254081726,0.04695023223757744,0.056430455297231674,0.03382047638297081,0.040950171649456024,0.047667477279901505,0.025820527225732803,0.03296574577689171,0.05416987091302872,0.034564077854156494,0.02094317600131035,0.0819818302989006,0.07998649775981903,0.07597525417804718,0.06828422099351883,0.03473972901701927,0.031238289549946785,0.03507877141237259,0.06691814213991165,0.09827238321304321,0.04224717244505882,0.06411552429199219,0.08761979639530182,0.08998021483421326,0.06393121927976608,0.018728630617260933,0.01202751137316227,0.04881647601723671,0.022944049909710884,0.039456114172935486,0.06229764223098755,0.07895146310329437,0.023242255672812462,0.03503511846065521,0.052119504660367966,0.06252485513687134,0.06407434493303299,0.06571172177791595,0.06922542303800583,0.10651632398366928,0.017336566001176834,0.02931935340166092,0.07203063368797302,0.008855326101183891,0.061538517475128174,0.056820161640644073,0.01493305154144764,0.0841391459107399,0.027068648487329483,0.09244422614574432,0.03383420407772064,0.0462360717356205,0.05928065627813339,0.05612418055534363,0.054070670157670975,0.08538943529129028,0.08643051981925964,0.0765824243426323,0.04069299250841141,0.08563622832298279,0.029607797041535378,0.08986721932888031,0.03394670784473419,0.042160503566265106,0.04098658636212349,0.0380612388253212,0.08124320954084396,0.0629803016781807
4,Mouse9001,group_1,0.02174472063779831,0.023372748866677284,0.061104752123355865,,0.04545551910996437,0.0032180568668991327,0.004326315596699715,0.04725120589137077,0.025105765089392662,0.025054065510630608,0.08364774286746979,0.005216457415372133,0.021618835628032684,0.018010860309004784,0.025394795462489128,0.013719439506530762,0.007901588454842567,0.03149333968758583,0.07760581374168396,,0.062257423996925354,0.030525285750627518,0.03243939206004143,0.011886993423104286,0.02306089736521244,0.017737919464707375,0.001241442165337503,0.0035896238405257463,0.030623454600572586,0.01897735521197319,0.08631368726491928,0.05833816155791283,0.06859861314296722,0.03130090609192848,0.03883807361125946,0.010216834954917431,0.05245281383395195,0.0147103788331151,0.05397407338023186,0.013736913911998272,0.09459934383630753,0.049335021525621414,0.05554354935884476,0.06466208398342133,0.03481613099575043,0.0409809872508049,0.015661602839827538,0.024373257532715797,0.06613229960203171,0.07332205772399902,0.019284987822175026,0.049674034118652344,0.042515113949775696,0.07602569460868835,0.06863526254892349,0.08566946536302567,0.0022438005544245243,,,0.06601990014314651,0.05281867831945419,0.03748565539717674,0.07063667476177216,0.02461851015686989,0.06229100748896599,0.035282477736473083,0.061168279498815536,0.06542591750621796,0.013066187500953674,0.001636969274841249,0.028638051822781563,0.03665918484330177,0.06992996484041214,0.04428482428193092,0.04570767655968666,0.05443958938121796,0.04573226720094681,0.017978696152567863,0.057355571538209915,0.02595457434654236,0.01695151813328266,0.010402523912489414,0.03857830911874771,0.0699261948466301,0.02419871650636196,0.0380648635327816,0.042584098875522614,0.01718214526772499,0.018880754709243774,0.043691907078027725,0.030931126326322556,0.026593176648020744,0.07231134921312332,0.02595050260424614,0.07977443933486938,0.032590825110673904,0.016287025064229965,0.09229668229818344,0.003358410904183984,0.01859680935740471,0.035311825573444366,0.09134193509817123,0.02415013499557972,0.05786272510886192,0.07460742443799973,0.019374262541532516,0.0324808731675148,0.0022913855500519276,0.044119350612163544,0.02698964625597,0.02427602745592594,0.057899463921785355,0.04962807148694992,0.009183196350932121,0.04876374080777168,0.03445359691977501,0.03934260830283165,0.001641075243242085,0.0177560206502676,0.005464781541377306,0.06009236350655556,0.010621421970427036,0.06959042698144913,0.05262451246380806,0.04684991016983986,0.015907688066363335,0.0050674919039011,0.011792248114943504,,0.024203002452850342,0.04750816896557808,0.08885534107685089,0.0009666343103162944,0.05420158803462982,0.003509207395836711,0.021705815568566322,0.07425182312726974,0.00559657858684659,0.05418930947780609,0.04660560563206673,0.006474158260971308,0.06846369057893753,0.02915504202246666,0.006966760847717524,0.0027134420815855265,0.021217817440629005,0.054162077605724335,0.009573751129209995,0.03699718043208122,
5,Mouse9011,group_1,0.055740151554346085,0.008236785419285297,,,,,,0.061901938170194626,0.03780580312013626,0.06018011271953583,0.034206192940473557,0.026353849098086357,0.025884399190545082,0.0902012437582016,0.033589769154787064,0.026870446279644966,0.03923933953046799,0.04060181975364685,0.029338248074054718,0.03780270740389824,0.000683148333337158,0.01741325482726097,0.07155503332614899,0.0028729464393109083,0.025379078462719917,0.022869599983096123,0.07188605517148972,0.05447210371494293,0.05145411565899849,0.045979734510183334,0.043739061802625656,0.03573682904243469,,,0.041592590510845184,0.03661198168992996,0.10844026505947113,0.036800567060709,0.08183711022138596,0.047317348420619965,0.04843967407941818,0.09061018377542496,0.013811995275318623,0.047871798276901245,0.0755653977394104,0.06924422085285187,0.05176728591322899,0.07921533286571503,0.09526954591274261,0.0701802521944046,0.10276760160923004,0.015192162245512009,0.08536134660243988,0.10878854244947433,0.06285297870635986,0.03791378065943718,0.05604559928178787,0.08465365320444107,0.10319819301366806,0.07113459706306458,0.059486281126737595,0.05426668003201485,0.03210662305355072,0.1004406064748764,0.059275686740875244,0.07670694589614868,0.05922500416636467,0.07602844387292862,0.0645282045006752,0.09775599837303162,0.06704449653625488,0.024678513407707214,,0.04542742669582367,0.03072807937860489,0.025262337177991867,0.053772639483213425,,,0.1149679496884346,0.05342667177319527,0.10376866906881332,0.026500068604946136,0.012465473264455795,0.0416145958006382,0.10207248479127884,,,0.028444863855838776,0.11624587327241898,0.029876448214054108,0.051642876118421555,0.05209469795227051,0.017551051452755928,0.04135149344801903,0.043620552867650986,0.02934258244931698,0.02773248963057995,0.049676671624183655,0.04576575383543968,0.049056537449359894,0.03653063625097275,0.02254248782992363,0.03290630877017975,0.023234307765960693,0.060551583766937256,0.04436993971467018,0.035983528941869736,0.01355576328933239,0.08549022674560547,0.050838131457567215,0.010783595964312553,0.03978621959686279,0.03836977481842041,0.06030268967151642,0.07261088490486145,0.044044364243745804,0.05457828938961029,0.03695227950811386,0.058365192264318466,0.006962061394006014,0.036926593631505966,0.05026348680257797,0.004785599187016487,0.00706916768103838,0.10089229792356491,0.06928811222314835,0.04378439858555794,0.01726793311536312,0.04179868474602699,0.04004642739892006,0.05512700602412224,0.0802164226770401,0.013089396059513092,0.041102755814790726,0.08202599734067917,0.020799096673727036,0.009325302205979824,0.06315149366855621,0.0354885533452034,0.024678874760866165,0.06599623709917068,0.01290768664330244,0.07999683171510696,0.01140589639544487,,,0.016945980489253998,0.04229799658060074,
6,Mouse9013,group_1,0.06519210338592529,0.08822745829820633,0.02042793668806553,0.08510216325521469,0.05798853561282158,0.04424142464995384,,0.08420512825250626,0.051889918744564056,0.0866096168756485,0.09572605788707733,0.05666138231754303,0.002091196831315756,0.04225004091858864,0.013089247047901154,0.04362417384982109,0.02801881916821003,0.05636458843946457,0.030035730451345444,0.07773829996585846,0.1016482338309288,0.02353624440729618,0.06339780241250992,0.012453499250113964,0.04888829588890076,0.02195139415562153,0.02009783312678337,0.05131010711193085,0.022635269910097122,0.038590047508478165,0.12361279875040054,0.08137787133455276,0.0879802480340004,0.03750619664788246,0.048024676740169525,0.09844280779361725,0.06764346361160278,0.07331647723913193,0.08600395917892456,0.05943232774734497,0.10081050544977188,0.06567306816577911,0.0827898159623146,0.07665227353572845,0.036437682807445526,0.08346511423587799,0.07572950422763824,0.05383749678730965,0.029881590977311134,0.09383690357208252,0.07954668253660202,0.058791253715753555,0.05036395043134689,0.07836702466011047,0.04896257445216179,0.12283699214458466,0.0640987977385521,0.08371636271476746,0.07525711506605148,0.08363571017980576,0.06900890171527863,0.03858233988285065,0.07352452725172043,0.04430009052157402,0.017517436295747757,0.015971636399626732,0.03179784491658211,0.08996497094631195,0.08283950388431549,0.03563952445983887,0.056809112429618835,0.055290576070547104,0.04370485618710518,0.05737265571951866,0.08237464725971222,0.10038705170154572,0.03682438284158707,0.024147409945726395,0.0740608498454094,0.07751490920782089,0.0716392919421196,0.062314290553331375,0.0751786157488823,0.07918259501457214,0.08356089890003204,0.04621586948633194,0.07995158433914185,0.10290583223104477,0.0915309339761734,0.005763320252299309,0.08653020858764648,0.10114976763725281,0.07163546979427338,0.03347111493349075,0.04945068061351776,0.03584403172135353,0.05413730815052986,0.08740399777889252,0.06773204356431961,0.06742506474256516,0.06458065658807755,0.05912104621529579,0.08748938888311386,0.11131225526332855,0.10413432121276855,0.05899350717663765,0.05667458474636078,0.07168059051036835,0.060851164162158966,0.07821289449930191,0.0181758813560009,0.1153181940317154,0.0477120578289032,0.054088618606328964,0.00811653770506382,0.028419381007552147,,,,,,,,,,0.05357125401496887,0.039231374859809875,0.06610114872455597,0.05321391671895981,0.03705025836825371,0.05292662978172302,0.04798062518239021,0.10166247934103012,0.06478961557149887,0.041842471808195114,0.07524557411670685,0.03960147872567177,0.08302350342273712,0.04845080152153969,0.049303680658340454,0.08468524366617203,0.09051566570997238,0.07317802309989929,0.07889921218156815,0.11422073841094971,0.09235689789056778,0.08064944297075272,0.028253884986042976,0.03769526258111,0.051995355635881424
7,Mouse9071,group_1,0.03634762018918991,0.0016481791390106082,0.0023649167269468307,0.003416115418076515,0.031259775161743164,0.03127363696694374,0.020962361246347427,0.0740213617682457,0.0528893768787384,0.027887674048542976,0.031331147998571396,0.06985662132501602,0.05367276445031166,0.015792744234204292,0.023418165743350983,0.0449000783264637,0.017521582543849945,0.03246951848268509,,,,,0.02020077407360077,0.007565306965261698,0.005990162026137114,0.022891424596309662,0.0012599033070728183,0.03089301660656929,0.06805326044559479,0.004326702561229467,0.008960855193436146,0.041705794632434845,0.05646875873208046,0.06500854343175888,0.002208773046731949,0.07585421949625015,0.04051506519317627,0.02762257680296898,0.06582336872816086,0.0933893620967865,0.036764658987522125,0.0713491216301918,0.03404957801103592,0.009158059023320675,0.05287943035364151,0.023882320150732994,0.03673943877220154,0.057318877428770065,0.07659052312374115,0.0910402312874794,0.011715116910636425,0.07631493359804153,0.04493146389722824,0.04181772097945213,0.020840881392359734,0.008009201847016811,,,,,,,0.04113540053367615,0.011324656195938587,0.01885569654405117,0.024802371859550476,0.016205579042434692,0.026545962318778038,0.03284870833158493,0.08091966062784195,0.05520334467291832,0.03540867194533348,0.03674781322479248,0.05001155287027359,0.047701939940452576,0.0010803454788401723,0.013016576878726482,0.05709603428840637,0.07036992907524109,0.032985661178827286,0.03190139681100845,0.013211620040237904,0.07378047704696655,0.046190597116947174,0.07069474458694458,0.0023346873931586742,0.006764675956219435,0.03608829528093338,0.011952431872487068,0.06391686946153641,0.011174333281815052,0.039268460124731064,0.0185410063713789,0.0027800423558801413,0.0044396379962563515,0.006906506605446339,0.07011102885007858,0.004484809003770351,0.037518639117479324,0.055979009717702866,0.03365011885762215,0.012866558507084846,0.02133571170270443,0.01763361506164074,0.010994342155754566,0.005385778844356537,0.04280414059758186,0.0511915422976017,0.0653616338968277,0.018756549805402756,0.04097076505422592,0.07131224125623703,0.03695171698927879,0.05542616546154022,0.03178614005446434,0.05205707624554634,0.08597517013549805,0.04766881838440895,0.0278205256909132,0.052287522703409195,0.04830004274845123,0.016019858419895172,0.02199500985443592,0.03344031423330307,0.025860009714961052,0.018256360664963722,0.027057025581598282,0.020221419632434845,0.056199267506599426,0.009123729541897774,0.014776228927075863,0.019791198894381523,0.08108338713645935,0.015230400487780571,0.007372330408543348,0.024153752252459526,0.013830604031682014,0.009996914304792881,0.003172269556671381,0.012615409679710865,0.04717669263482094,0.001496935379691422,0.010439073666930199,0.028036754578351974,0.014693900011479855,0.034685470163822174,0.008719452656805515,0.007330486085265875,0.06091762334108353,0.0003135523002129048
8,Mouse9072,group_1,0.020615214481949806,0.04294448345899582,0.012457111850380898,0.020212668925523758,0.011942385695874691,0.003237490775063634,0.04221741482615471,0.026411142200231552,0.020697351545095444,0.036342259496450424,0.05767897516489029,0.02492074854671955,0.06124355271458626,0.030737778171896935,0.068823903799057,0.0705290138721466,0.06531087309122086,0.012572145089507103,0.021758314222097397,0.026538778096437454,,0.030742498114705086,0.02925218641757965,0.05292411893606186,0.06116170436143875,0.02595830336213112,0.05012727901339531,0.05863548815250397,0.0574503131210804,0.06435049325227737,0.06837218254804611,0.08708886802196503,0.03897084295749664,0.02918040007352829,0.02349090203642845,0.025985002517700195,0.06996843218803406,0.01947157271206379,0.012370974756777287,0.08049385994672775,0.039981111884117126,0.02035445347428322,0.056710921227931976,0.04617476090788841,0.01780189946293831,0.0486488901078701,0.09171890467405319,0.0035016085021197796,0.01698855683207512,0.08728712797164917,0.05449243262410164,0.04115760326385498,0.05100676417350769,0.023303022608160973,0.05030182749032974,0.06683026999235153,0.04106682911515236,0.07729606330394745,0.045808352530002594,0.03362514078617096,0.057168085128068924,0.031533509492874146,0.04927976801991463,0.07645127177238464,0.04681114852428436,0.06940414011478424,0.06473595649003983,0.07098247855901718,0.046301018446683884,0.10360550880432129,0.027695942670106888,0.0419992171227932,0.0551784485578537,0.047514837235212326,0.04672759398818016,0.06941641867160797,0.060337550938129425,0.015616106800734997,0.03170149400830269,0.07396204769611359,0.04931778460741043,0.06799599528312683,0.09403225779533386,0.04318537190556526,0.025612294673919678,0.06884228438138962,0.01119962427765131,0.04465044289827347,0.050568580627441406,0.03328048065304756,0.02411709353327751,0.0009366062004119158,0.053571537137031555,0.09312039613723755,0.06724746525287628,0.05434451252222061,0.07354936003684998,0.03546843305230141,0.0319717638194561,0.06298629939556122,0.07310917973518372,0.01924949698150158,0.030345026403665543,0.036120276898145676,0.031212884932756424,0.058249447494745255,0.050486959517002106,0.02606843411922455,0.026540203019976616,0.06347408890724182,0.0366179384291172,0.04267418757081032,0.018350064754486084,0.038430918008089066,0.037236977368593216,0.04368051514029503,0.0389794260263443,0.026747269555926323,0.04263771325349808,0.06007833778858185,0.04082007706165314,0.06750448048114777,0.04971163719892502,0.035436537116765976,0.07425892353057861,,0.03891459479928017,0.03566564992070198,0.013983451761305332,0.06680689007043839,0.06952080875635147,0.07011143118143082,0.03370783478021622,0.0728040486574173,0.04651562497019768,0.050149932503700256,0.04862520843744278,0.0204018484801054,0.04757976159453392,0.05412561073899269,0.042369354516267776,0.08400330692529678,0.06301338970661163,0.031884241849184036,0.009718221612274647,0.02366459183394909,0.008728457614779472,0.05454868823289871,0.02695438824594021,0.03154588118195534
9,Mouse9084,group_1,0.007255575153976679,0.019192464649677277,0.03523046895861626,0.03471577540040016,0.02183491177856922,0.00832295510917902,0.05644475668668747,0.016849959269165993,0.06412738561630249,0.04539941996335983,0.04981375113129616,0.04467959329485893,0.03209473565220833,0.05623089149594307,0.01764482818543911,0.002635717624798417,0.048776835203170776,0.0013553060125559568,0.03920157626271248,0.061933670192956924,0.07366660982370377,0.044866688549518585,0.02542811818420887,0.02122497744858265,0.006588684394955635,0.012749740853905678,0.028127295896410942,0.028272096067667007,0.03603372722864151,0.023716280236840248,0.013691451400518417,0.02024436555802822,0.011805838905274868,0.010045715607702732,0.035266127437353134,0.06456491351127625,0.06848970800638199,0.0672035664319992,0.04085710272192955,0.08416826277971268,0.07685498893260956,0.05576526001095772,0.038734402507543564,0.06448595225811005,0.05795307084918022,0.08524322509765625,0.0939163938164711,0.06740830838680267,0.04836399480700493,0.052289221435785294,0.027834037318825722,0.024003321304917336,0.04164582118391991,0.012167650274932384,0.07070983201265335,0.03025594912469387,0.06495489925146103,0.029739798977971077,0.01873454824090004,0.03529978170990944,0.0432562492787838,0.07109956443309784,0.01172854844480753,0.03617100417613983,0.05362328514456749,0.006858109962195158,0.046135690063238144,0.059175651520490646,0.01981046237051487,0.04486653208732605,0.04488425329327583,0.06381238996982574,0.053863219916820526,0.012679160572588444,0.06217959150671959,0.020486216992139816,0.028044916689395905,0.06442283093929291,0.06017373874783516,0.022853901609778404,0.03150074928998947,0.04355428367853165,0.030831463634967804,0.03850649669766426,0.021253203973174095,0.10279575735330582,0.030638616532087326,0.06896577775478363,0.004655411466956139,0.016595086082816124,0.07021903246641159,0.004202572163194418,0.10385116189718246,0.02121582068502903,0.0662071630358696,0.025114327669143677,0.027530860155820847,0.032353032380342484,0.01360558532178402,0.002560677705332637,0.05910251662135124,0.011254814453423023,0.04649074003100395,0.00923341978341341,0.07400855422019958,0.03026466816663742,0.048742976039648056,0.053872499614953995,0.08284588903188705,0.014714669436216354,0.0212952122092247,0.041732367128133774,0.01820492185652256,0.0858101099729538,0.0738244280219078,0.061698175966739655,0.02405296266078949,0.056051068007946014,0.022851737216114998,0.036188699305057526,0.026019718497991562,0.051032792776823044,0.011757049709558487,0.06577838212251663,0.030561992898583412,0.044512100517749786,0.016493085771799088,0.038496218621730804,0.036454085260629654,0.00978180393576622,0.030416084453463554,0.06002775579690933,0.06499910354614258,0.011558258906006813,0.09675122797489166,0.04846523329615593,0.02972235716879368,0.07076581567525864,0.027331119403243065,0.08636386692523956,0.0448245108127594,0.023333940654993057,0.056326720863580704,0.017892960458993912,0.07898827642202377,0.06938237696886063,0.031137831509113312,0.05637938156723976,0.08160768449306488,0.05560822784900665
10,Mouse39115,group_2,0.0057596610859036446,0.021577980369329453,0.05414867028594017,0.04642115905880928,0.06309236586093903,0.055720388889312744,0.010156329721212387,0.057662058621644974,0.011743725277483463,0.05689520761370659,0.011411640793085098,0.011824371293187141,0.010665963403880596,0.02910592034459114,0.0522930733859539,0.05740484595298767,0.024990800768136978,0.023303210735321045,0.06350411474704742,0.04938199371099472,0.05820578336715698,0.05473160371184349,0.08811158686876297,0.04546238109469414,0.005078847520053387,0.009446191601455212,0.02957961894571781,0.010918202809989452,0.033208657056093216,0.02916204370558262,0.0839952826499939,0.08354464918375015,0.07405504584312439,0.05829765647649765,0.034595467150211334,0.07814199477434158,0.004323204513639212,0.0729522630572319,0.016902059316635132,0.05612191557884216,0.05138373374938965,0.08356092870235443,0.05104586482048035,0.062260910868644714,0.10013213753700256,0.0828411877155304,0.09729568660259247,0.06501191109418869,0.09429437667131424,0.09497013688087463,0.031129317358136177,0.11868263781070709,0.02712775580585003,0.054805073887109756,0.07954959571361542,0.05391048640012741,0.10301806032657623,0.0732622742652893,0.08640348166227341,0.08595940470695496,0.039448413997888565,0.056470733135938644,0.07731274515390396,0.06245463341474533,0.07617782801389694,0.05872901901602745,0.042068641632795334,0.028563790023326874,,0.10963883250951767,0.03998328000307083,0.0547671839594841,0.034490104764699936,0.07016264647245407,0.05697086453437805,0.027779271826148033,0.05376196652650833,0.07499083131551743,0.047150153666734695,0.09163112193346024,0.025947868824005127,0.11145594716072083,0.016194790601730347,0.06392242014408112,0.036219894886016846,0.08738554269075394,0.05828620865941048,0.04758240655064583,0.03648088499903679,0.024335088208317757,0.0038808302488178015,0.030437719076871872,0.04841557517647743,0.04928257688879967,0.04224001243710518,0.004309407435357571,0.039763033390045166,0.03521217033267021,0.05823563411831856,0.04614463448524475,0.02834072709083557,0.06006569042801857,0.07936310023069382,0.017980176955461502,0.056826259940862656,0.05642333999276161,0.05802121013402939,0.022054554894566536,0.019480112940073013,0.012775338254868984,0.05797991156578064,,0.05356477573513985,0.05826673284173012,0.04686630144715309,0.0036060053389519453,0.013025237247347832,0.07022906839847565,0.08237803727388382,0.0032724267803132534,0.02880251593887806,0.07681993395090103,0.036925673484802246,0.022953471168875694,0.027305059134960175,0.0018323983531445265,0.037648893892765045,0.05044373497366905,0.007980827242136002,0.00550148356705904,0.057296980172395706,0.04063033685088158,0.05722581967711449,0.049078065901994705,0.01032269187271595,0.004047431517392397,0.002580135827884078,0.029522394761443138,0.04418223723769188,0.062269583344459534,0.007141523528844118,0.05227242410182953,0.09865835309028625,0.01875399984419346,0.04612017050385475,0.03577467426657677,0.02656659297645092,0.07464274019002914,0.06046358868479729,0.06440876424312592
11,Mouse39122,group_2,0.042254168540239334,0.07800266891717911,0.07440881431102753,0.045652370899915695,0.04895924776792526,,0.06234784796833992,0.04940733313560486,0.03731810301542282,0.04367753863334656,0.08176004141569138,0.022684987634420395,0.049376942217350006,0.032081447541713715,0.04039768874645233,0.10008564591407776,0.037410918623209,0.03884780406951904,0.01913064531981945,0.05270834639668465,0.028088415041565895,0.015138407237827778,0.047648049890995026,0.046677011996507645,0.034351497888565063,0.05587403476238251,,0.05595751106739044,0.06976547092199326,0.022704027593135834,0.029390931129455566,0.054093487560749054,0.035421889275312424,0.07649725675582886,0.05909121409058571,0.026342226192355156,0.04480671510100365,0.05996866524219513,0.01934616081416607,0.00717694079503417,0.038679417222738266,0.08753648400306702,0.009809982031583786,0.07615188509225845,0.0044097318314015865,0.04328920692205429,0.014793108217418194,0.0028083501383662224,0.04494834318757057,0.045922424644231796,0.050133828073740005,0.023230694234371185,0.009736676700413227,0.02819731831550598,0.039030592888593674,0.02741820178925991,0.07143597304821014,0.030702723190188408,0.06556034833192825,0.01820351555943489,0.033943239599466324,0.07002054154872894,0.01950840651988983,0.04313662648200989,0.09162548929452896,0.06658909469842911,0.015561467967927456,0.10296276211738586,0.06509457528591156,0.13337206840515137,0.040583811700344086,0.04252507910132408,0.04231001436710358,0.04794279858469963,0.04673284292221069,0.06706580519676208,0.0684732049703598,0.0775505006313324,0.011709360405802727,0.03639068081974983,0.03964979201555252,0.09180421382188797,0.04688524454832077,0.12022630125284195,0.03277664631605148,0.046130724251270294,0.02930399402976036,0.03861844539642334,0.06850717961788177,0.04439244419336319,0.0730714350938797,0.06096396595239639,0.06340830773115158,0.03364352509379387,0.03668728470802307,0.011633104644715786,0.055018018931150436,0.053016435354948044,0.029415730386972427,0.05740587040781975,0.05009191110730171,0.06449003517627716,0.066856749355793,0.007877961732447147,0.043885283172130585,0.0688365027308464,0.0130607970058918,0.013401476666331291,0.032890964299440384,0.07994512468576431,0.06098320335149765,0.046145420521497726,0.0709480494260788,0.0754760354757309,0.062445931136608124,0.06567417085170746,0.01504464540630579,0.08926422894001007,0.024568287655711174,0.04701844975352287,0.019038001075387,0.03136188164353371,0.04194342717528343,0.044338762760162354,0.0395379438996315,0.07498707622289658,0.09321615844964981,0.005589469335973263,0.007835747674107552,0.04662194475531578,0.03085547685623169,0.0276505034416914,0.051504481583833694,0.07319335639476776,0.028721123933792114,0.07114201784133911,0.07049103081226349,0.045859578996896744,0.02500068210065365,0.02414119988679886,0.04235108196735382,0.062044091522693634,0.02038516104221344,0.001027811667881906,0.02748909965157509,0.06250441074371338,0.09726076573133469,0.048991017043590546,0.08663351833820343,0.10285473614931107
12,Mouse39125,group_2,0.029845822602510452,0.07085276395082474,0.0962706208229065,0.0688304677605629,0.08512960374355316,0.04432225599884987,0.06445998698472977,0.0234841275960207,0.06652993708848953,0.04919009283185005,0.06653096526861191,0.05968976393342018,0.053075943142175674,0.05610976368188858,0.08842360973358154,0.07477349042892456,0.035259731113910675,0.0860508531332016,0.045061372220516205,0.05795750021934509,0.09623373299837112,0.07228314131498337,0.1055835634469986,0.03055104985833168,0.07809574156999588,0.08939599245786667,0.06689386814832687,0.07559923082590103,0.06380898505449295,0.10753175616264343,0.0403706319630146,0.022490376606583595,0.05132174864411354,0.07257168740034103,0.04631625488400459,0.011968783102929592,0.06879281252622604,0.061157554388046265,0.04919956997036934,0.03580012172460556,0.05571860820055008,0.0424051359295845,0.11317678540945053,0.03808055818080902,0.05556236952543259,0.021257612854242325,0.08007749170064926,0.06677207350730896,0.12434262037277222,0.04492264613509178,0.04023322835564613,0.04029811546206474,0.05316977575421333,0.019002730026841164,0.04271992668509483,0.008427940309047699,0.04203607887029648,0.03705300763249397,0.04322950541973114,0.02345653995871544,0.0574372261762619,0.050065185874700546,0.04377107322216034,0.031150827184319496,0.006767624523490667,0.07574129104614258,0.044736191630363464,0.056343164294958115,0.06946728378534317,0.021356988698244095,0.027523480355739594,0.008569658733904362,0.017063265666365623,0.01308128796517849,0.08343245834112167,0.10816098749637604,0.08557794988155365,0.034199025481939316,0.021786104887723923,0.05498586595058441,0.041499633342027664,0.043239809572696686,0.09521907567977905,0.03457260504364967,0.05896615609526634,0.03607518970966339,0.08252102881669998,0.03397291526198387,0.06350909918546677,0.027077309787273407,0.08156939595937729,0.08041821420192719,0.06735318154096603,0.0293012335896492,0.11033269017934799,0.09774259477853775,0.07666682451963425,0.06921856105327606,0.10583706200122833,0.06366350501775742,0.01748058572411537,0.07790815830230713,0.0032083813566714525,0.02407769300043583,0.09423185884952545,0.03219461441040039,0.005321304313838482,0.07137777656316757,0.0807247906923294,0.08067331463098526,0.10748662799596786,0.045024462044239044,0.0353180468082428,0.09885365515947342,0.0968821793794632,0.06598126888275146,0.07719492167234421,0.04865773022174835,0.03646427392959595,0.02981133572757244,0.057136643677949905,0.0811985433101654,0.08194833993911743,0.10008073598146439,0.10481179505586624,0.07409520447254181,0.10406935960054398,0.11007293313741684,0.09410518407821655,0.09681876748800278,0.0863017588853836,0.0758981928229332,0.04105363413691521,0.07069386541843414,0.045994170010089874,0.02874266356229782,0.06798317283391953,0.03466617316007614,0.05646380037069321,0.018237199634313583,0.02309940941631794,0.0727822333574295,0.05737443268299103,0.030769968405365944,,0.0813334733247757,0.06626883149147034,0.06863183528184891,0.059350788593292236,0.011914883740246296
13,Mouse39132,group_2,0.018307551741600037,0.03424336388707161,0.058050867170095444,0.0632900670170784,0.0547209270298481,0.07187718898057938,0.04730670899152756,0.06442222744226456,0.0811249166727066,0.007613338530063629,0.06461210548877716,0.020813167095184326,0.06095324829220772,0.05745168402791023,0.03890720382332802,0.0817708969116211,0.04598357900977135,0.012849245220422745,0.0788404792547226,0.056788891553878784,0.015849081799387932,0.013495756313204765,0.06988131999969482,0.009179248474538326,0.014017932116985321,0.024286450818181038,0.059321437031030655,0.05893520265817642,0.004824928939342499,0.04296642169356346,0.09677612036466599,0.0271445419639349,0.031096432358026505,0.057064738124608994,0.048963963985443115,0.0083674481138587,0.0037376917898654938,0.010312105529010296,0.0349368117749691,0.05433376878499985,0.059959061443805695,0.08168458938598633,0.013287032954394817,0.07599123567342758,0.05390167608857155,0.08986625075340271,0.06718142330646515,0.06772038340568542,0.07979102432727814,0.09685400128364563,0.05642256885766983,0.06517799198627472,0.07624007761478424,0.07257450371980667,0.04465964809060097,0.0674324631690979,0.017202278599143028,0.06012116000056267,0.10579487681388855,0.04720747470855713,0.06949897110462189,0.023103775456547737,0.005695250816643238,0.011791934259235859,0.060172706842422485,0.05059675872325897,0.05460217967629433,0.06558835506439209,0.025900132954120636,0.028054596856236458,0.03219811990857124,0.09837577491998672,0.04172468185424805,0.05879201367497444,0.026676112785935402,0.05275930464267731,0.025858033448457718,0.10615632683038712,0.07693988084793091,0.07067099213600159,0.06321414560079575,0.07646660506725311,0.08196010440587997,0.07775478065013885,0.004945929627865553,0.09445109218358994,0.025773562490940094,0.08834429085254669,0.03401387482881546,0.04905190318822861,0.055200643837451935,0.08153841644525528,0.04976332187652588,0.06919156759977341,0.06482710689306259,0.022446284070611,0.05721793323755264,0.027097124606370926,0.02537604235112667,0.04863956198096275,0.047441933304071426,0.05769144371151924,0.06438455730676651,0.06489415466785431,0.02507813833653927,0.055315051227808,0.04088479280471802,0.05179019272327423,0.009355473332107067,0.0606951080262661,0.013630222529172897,0.08970531821250916,0.0014502176782116294,0.08470423519611359,0.08501125872135162,0.042300719767808914,0.04733480513095856,0.0936090350151062,0.0377478301525116,0.048740584403276443,0.015901893377304077,0.07115133851766586,0.08567943423986435,0.03628065437078476,0.04670899733901024,0.06099563091993332,0.027771512046456337,0.045712731778621674,0.07090679556131363,0.07241030037403107,0.08422457426786423,0.061306461691856384,0.02042856439948082,0.040451280772686005,0.049865055829286575,0.10466606169939041,0.01829088106751442,0.05340193212032318,0.054570943117141724,0.032023388892412186,0.03538905456662178,0.04673519358038902,0.05456795543432236,0.043795544654130936,0.026697132736444473,0.05386700481176376,0.02527199685573578,0.08717911690473557,0.07222836464643478,0.05953424051403999
14,Mouse39135,group_2,0.0022437202278524637,0.058087509125471115,0.022734317928552628,0.02273746021091938,0.011610610410571098,0.000881014799233526,0.04019686579704285,0.010118210688233376,0.005072940140962601,0.03414858505129814,0.009141034446656704,0.054601725190877914,0.030271755531430244,0.07813676446676254,0.03720977157354355,0.05997228994965553,0.07798533886671066,0.0007082883967086673,0.066729336977005,0.04841277748346329,0.09958315640687943,0.03851887583732605,0.04274240881204605,0.03528368100523949,0.03006942756474018,0.03223124146461487,0.021007535979151726,0.03642457351088524,0.02437671460211277,0.06478629261255264,0.015285216271877289,0.06269503384828568,0.04972308129072189,0.06581979990005493,0.028727008029818535,0.02828914299607277,0.01046845968812704,0.030666081234812737,0.0359981432557106,0.02051321417093277,0.037918999791145325,0.03274819254875183,0.0560290701687336,0.03445626050233841,0.027602486312389374,0.01805431768298149,0.04679501801729202,0.10237572342157364,0.0966968685388565,0.06465741246938705,0.059060238301754,0.02798091247677803,0.018344929441809654,0.008227013051509857,0.013684398494660854,0.012250266037881374,0.05570404604077339,0.08235583454370499,0.05504899099469185,0.05175592005252838,0.03521227464079857,0.003521060338243842,0.01733272336423397,0.08681052178144455,0.052628569304943085,0.007226233370602131,0.03393612429499626,0.028546439483761787,0.004997308366000652,0.0720081478357315,0.07142423838376999,0.10327892005443573,0.0728517398238182,0.01806805096566677,0.0410425029695034,0.054809488356113434,0.06872247159481049,0.057124845683574677,0.027801450341939926,0.04146825894713402,0.05238892883062363,0.004337627440690994,0.05181059241294861,0.06577686965465546,0.02974730171263218,0.07389886677265167,0.06360429525375366,0.03845002502202988,0.07174693793058395,0.03344174847006798,0.08868364244699478,0.01704675331711769,0.05599486082792282,0.038047708570957184,0.004568758420646191,0.06853189319372177,0.07872679829597473,0.02173011377453804,0.07035970687866211,0.08422601968050003,0.018138043582439423,0.043848536908626556,0.02883816324174404,0.004413165617734194,0.007614315487444401,0.07416489720344543,0.05566064640879631,0.06794631481170654,0.03774777799844742,0.05362836644053459,0.05080735683441162,0.060310520231723785,0.042592618614435196,0.007356215734034777,0.019410962238907814,0.08242680132389069,0.04767512530088425,0.06509662419557571,0.009558506309986115,0.055296581238508224,0.06100883707404137,0.0505376011133194,0.05530492588877678,0.007013058289885521,0.03330160304903984,0.03709312900900841,0.0371297225356102,0.030293120071291924,0.02249470353126526,0.02230394259095192,0.07260576635599136,0.07292134314775467,0.09326289594173431,0.009067955426871777,0.007266631815582514,0.07045669853687286,0.04625938832759857,0.04280630126595497,0.05865292623639107,0.033717576414346695,0.05668308213353157,0.049517687410116196,0.02840390056371689,0.008299342356622219,0.09347281605005264,0.06095218285918236,0.05460192635655403,0.06491950899362564,0.06551536917686462,0.026313671842217445
15,Mouse9002,group_2,0.06268084049224854,,0.01405587699264288,,0.03778344765305519,,0.01578875631093979,0.013909558765590191,0.05189124494791031,0.0014403064269572496,0.022935766726732254,0.0037881017196923494,0.026703331619501114,0.012754853814840317,,,0.02189396321773529,0.027051858603954315,0.021751906722784042,0.02671273797750473,0.08376970142126083,0.0017330015543848276,0.01905302330851555,0.016232475638389587,0.05547433719038963,0.05505361035466194,0.010179291479289532,0.024253852665424347,0.024829264730215073,0.04727967828512192,0.020656883716583252,0.03731246292591095,0.05963174253702164,0.0052489289082586765,0.01342523843050003,0.03863707184791565,0.07699859887361526,0.020184269174933434,,,,,0.05520891398191452,0.04991772025823593,0.0007442597416229546,0.015676334500312805,0.044923555105924606,0.0020966026932001114,0.011026599444448948,0.027068182826042175,0.02385682240128517,0.05076051130890846,0.06170503422617912,0.05294302850961685,0.06484917551279068,0.06068271026015282,0.07444760203361511,0.01448777224868536,0.01059313677251339,0.0379403792321682,0.06846363842487335,,,,0.05828262120485306,0.01583363674581051,0.05636977404356003,0.059262484312057495,0.04361696541309357,0.026080429553985596,0.05707889050245285,0.04949876666069031,0.021136244758963585,0.027531830593943596,0.04520930349826813,0.06929676234722137,0.004177049733698368,0.07343483716249466,0.049529921263456345,0.020049622282385826,0.030602307990193367,0.003588378429412842,0.06414885073900223,0.018029550090432167,0.010638372972607613,0.0024785532150417566,0.05954572185873985,0.05253804475069046,0.013309811241924763,0.037486039102077484,0.03786143288016319,0.050611712038517,0.03707810491323471,0.019013890996575356,0.037144482135772705,0.08407104760408401,0.04359826073050499,0.05346886068582535,0.01635468378663063,0.05994564667344093,0.023584311828017235,0.07953342795372009,0.04912633076310158,0.03408366069197655,0.05838998407125473,0.05006607994437218,0.03753623366355896,0.030571438372135162,0.07101234793663025,0.06973642855882645,0.024211784824728966,0.020551251247525215,0.01629042997956276,0.10929615050554276,0.027757691219449043,0.04262986406683922,,0.0514846034348011,0.06461827456951141,0.04748690128326416,0.02756824903190136,0.003986870404332876,0.0012061072047799826,0.06000077351927757,0.03945716843008995,0.03946426883339882,0.0046495902352035046,0.04209578037261963,,0.043874483555555344,0.000661559693980962,0.002141814213246107,,,,,,,0.005283873062580824,0.10634902864694595,,0.005907671991735697,0.011928524821996689,0.028726335614919662,0.024899713695049286,0.05245586112141609,0.06074057146906853,0.05289209261536598,0.03676328435540199,0.050907716155052185
16,Mouse9061,group_2,0.07643875479698181,0.019682878628373146,0.03680778294801712,0.005655885674059391,0.049214042723178864,0.03486469388008118,0.061088938266038895,0.08374074101448059,0.06162647530436516,0.0253215953707695,,,,0.09995921701192856,0.014224478043615818,0.042401768267154694,0.06442570686340332,0.0681973248720169,0.020977171137928963,0.07648765295743942,0.04473309963941574,0.09501836448907852,0.05949629098176956,0.03540319949388504,0.07790101319551468,0.03572601079940796,0.017553184181451797,0.01242855004966259,0.06668966263532639,0.028777148574590683,,0.031930647790431976,0.06634776294231415,0.044109463691711426,0.04957256838679314,0.07339080423116684,0.04477020353078842,0.025257013738155365,0.06573513895273209,0.05456243455410004,0.06228254362940788,0.09359873831272125,0.021139021962881088,0.05509432777762413,0.09773129224777222,0.06400782614946365,0.09062640368938446,0.0298543069511652,0.08356937766075134,0.04504042863845825,0.028116323053836823,0.056084610521793365,0.08922822773456573,0.05545038729906082,0.05626201629638672,0.1006915420293808,0.07194885611534119,0.004738963209092617,0.041778095066547394,0.021602317690849304,0.031048698350787163,0.0862654373049736,0.07615814357995987,0.033317696303129196,0.07175561785697937,0.09206508100032806,0.07947368174791336,0.022929787635803223,0.0241341944783926,0.017086071893572807,0.04962936416268349,0.08227700740098953,0.05325242877006531,0.008157080039381981,0.05368708074092865,0.04242606833577156,0.024592524394392967,0.027766315266489983,0.04253698140382767,0.037984296679496765,0.05221930518746376,0.05871683731675148,0.06767875701189041,0.05980474129319191,0.08307033032178879,0.04736393317580223,0.012566642835736275,0.030592981725931168,0.04768902435898781,0.09042037278413773,0.0761740580201149,0.02732909470796585,0.016487134620547295,0.10604403167963028,0.07090398669242859,0.02629260905086994,0.027544885873794556,0.047986455261707306,0.050111740827560425,0.03146832436323166,0.07403881847858429,0.06285940110683441,0.004888931754976511,0.03662402555346489,0.04283730313181877,0.02583312802016735,0.042091209441423416,0.10656357556581497,0.06301158666610718,0.022567804902791977,0.019466903060674667,0.04161999747157097,0.06268201768398285,0.04929296672344208,0.05159561708569527,0.004596640821546316,0.023750871419906616,0.03565368801355362,0.04454023763537407,0.035194043070077896,0.05960867181420326,0.04946501553058624,0.05172174051403999,0.050192900002002716,0.03862662613391876,0.042942341417074203,0.008768129162490368,0.03679640591144562,0.05733156204223633,0.06128881126642227,0.04096752777695656,0.05267288163304329,0.06504064798355103,0.042176563292741776,0.03650620952248573,0.09393973648548126,0.028440939262509346,0.054171591997146606,0.015271132811903954,0.00522502139210701,0.08870066702365875,0.03125601261854172,0.039839085191488266,0.0031178700737655163,0.019796909764409065,0.028523273766040802,0.061728585511446,0.08535607904195786,0.021787405014038086,0.037845563143491745
17,Mouse9065,group_2,,0.041872456669807434,,,0.1155991330742836,0.08057244122028351,0.0825219675898552,0.07076502591371536,0.0702848881483078,0.09480907022953033,0.05069616809487343,0.08285089582204819,0.1031617522239685,,,0.06381568312644958,0.07489625364542007,,,0.07997999340295792,0.09927823394536972,0.03722098469734192,0.11608923971652985,0.0784098356962204,0.10276342928409576,0.08844193071126938,0.07763393223285675,0.09394854307174683,0.08235006779432297,0.07747283577919006,0.0764002874493599,0.08203790336847305,0.10370774567127228,0.06910797208547592,0.11072277277708054,0.06471248716115952,0.08401881158351898,0.11270812153816223,0.050906047224998474,,,0.10084430128335953,0.08919189870357513,0.02677888236939907,0.0684129074215889,0.041475195437669754,0.06822770088911057,0.061658184975385666,0.09962479025125504,0.06222532317042351,0.07722198963165283,0.1047530472278595,0.0703626200556755,0.06641409546136856,0.07085085660219193,0.1081717237830162,0.048942163586616516,0.06564076244831085,0.10148923844099045,0.061873581260442734,0.0942399650812149,0.07182886451482773,0.04851282760500908,0.07368095219135284,0.027502071112394333,0.06882715225219727,0.03922213986515999,0.0734185129404068,0.12402062863111496,0.07212347537279129,0.10736608505249023,0.09579414129257202,0.08124330639839172,0.13155004382133484,0.11406994611024857,0.09063892066478729,0.09670216590166092,0.05456191673874855,0.042266685515642166,0.060095787048339844,0.10240528732538223,0.055740099400281906,0.11311133205890656,0.10337244719266891,0.06275574117898941,0.05645150691270828,0.04287179559469223,,0.09669715166091919,0.10803203284740448,0.050006259232759476,0.06490866839885712,0.09655332565307617,0.08366315066814423,0.0583789125084877,0.05343030393123627,0.054196566343307495,0.09301900863647461,0.08096037060022354,0.09392265975475311,0.10398335754871368,,0.0707126185297966,0.057948872447013855,0.04262823238968849,0.09525975584983826,0.07474743574857712,0.03354981914162636,0.06402541697025299,0.07861887663602829,0.04035403952002525,0.05151985213160515,0.06643510609865189,0.10840632766485214,0.09232281148433685,0.0646420270204544,,0.07747141271829605,0.06642971187829971,0.07059580832719803,0.09505059570074081,0.11530167609453201,0.06825434416532516,0.08420345187187195,0.1184750571846962,0.09565333276987076,0.08512993901968002,0.08398064225912094,0.07532864063978195,0.03991725668311119,0.07708831131458282,0.09136559814214706,0.04198217764496803,0.09335511922836304,0.07170947641134262,0.07936815917491913,0.0550021156668663,0.07272987067699432,0.06592759490013123,0.0742918998003006,0.07765596359968185,0.12638559937477112,0.050102349370718,0.09446229040622711,0.11554846167564392,0.06312327831983566,,,0.10262551158666611,0.11938343942165375
18,Mouse9074,group_2,0.0023161438293755054,0.06647607684135437,0.07959938794374466,0.023755470290780067,0.002772099105641246,0.0697738379240036,0.08111819624900818,0.061918530613183975,0.006194449961185455,0.03876720741391182,0.027901817113161087,0.004687229637056589,0.03719165176153183,0.10685990750789642,0.016601521521806717,0.06865403801202774,0.02565743215382099,0.04321835935115814,0.007332244887948036,0.05885938182473183,0.041186463087797165,0.018511878326535225,0.002996278926730156,0.050757136195898056,0.012261267751455307,0.051630422472953796,0.046391863375902176,0.043978214263916016,0.0737680196762085,0.011271215975284576,0.029086360707879066,0.06663206219673157,0.014223292469978333,0.03730303421616554,0.08453496545553207,0.006638664752244949,0.023152822628617287,0.07907474786043167,0.06555335968732834,0.06121237576007843,0.011035796254873276,0.03320223093032837,0.03527647256851196,0.04934834688901901,0.050194475799798965,0.009536472149193287,0.022521819919347763,0.11687710881233215,0.024270493537187576,0.008208265528082848,0.04240313917398453,0.0638129711151123,0.014445967972278595,0.010601862333714962,0.02785099297761917,0.07110443711280823,0.03799574449658394,0.055139269679784775,0.10827506333589554,0.03008844703435898,0.07089441269636154,0.026319919154047966,0.004707954358309507,0.015362180769443512,0.03196832165122032,0.006792830768972635,0.011670700274407864,0.021756194531917572,0.07557626068592072,0.054472241550683975,0.00597796868532896,0.010070042684674263,,,0.0449419803917408,0.026211312040686607,0.011646635830402374,0.02690458483994007,,0.06500419229269028,0.034700363874435425,0.019844481721520424,0.002579452469944954,0.03565828129649162,0.0020790407434105873,0.0557461716234684,0.050149884074926376,0.030556848272681236,0.001586211146786809,0.005388433579355478,0.03076290339231491,0.028047779574990273,0.029734907671809196,0.05852833390235901,0.03891774266958237,0.09189997613430023,0.05971160903573036,0.039841096848249435,0.00890052318572998,0.032468218356370926,0.052519939839839935,0.025830823928117752,0.016504069790244102,0.02022198773920536,0.03365355730056763,0.037864118814468384,0.012145779095590115,0.06196414679288864,0.03888126462697983,0.03277587890625,0.024910693988204002,0.04155229032039642,0.012172680348157883,0.05021240562200546,0.03519567474722862,0.05638960376381874,0.08300542086362839,0.04984012618660927,0.08562932163476944,0.043876346200704575,0.06045588105916977,0.024478573352098465,0.02203499898314476,0.003108144737780094,0.08336621522903442,0.004356822464615107,0.021826233714818954,0.06095718964934349,0.08864346891641617,0.09449294209480286,0.07099258899688721,,0.028428683057427406,0.056923143565654755,0.030013948678970337,0.01854591816663742,0.010965267196297646,0.04122237116098404,0.05899292230606079,0.01226624846458435,0.026935189962387085,0.009523040615022182,0.08868973702192307,0.013149394653737545,0.053565893322229385,0.004029165022075176,0.02089153416454792,0.011173531413078308,0.0644952729344368,0.0029135996010154486
19,Mouse9075,group_2,0.05656683072447777,0.004894090350717306,0.03460860624909401,0.03191259503364563,0.08966240286827087,0.06821347028017044,0.08598193526268005,0.07226191461086273,0.06463968008756638,0.04611635580658913,0.06978970021009445,0.02440384030342102,0.06800399720668793,0.052850887179374695,0.027507491409778595,0.05989924818277359,0.06108156591653824,0.06928785890340805,0.028076451271772385,0.03546207770705223,0.024441644549369812,0.029751872643828392,0.05054319277405739,0.07637935131788254,0.09812268614768982,0.011848987080156803,0.02295900136232376,0.07068844884634018,0.031664807349443436,0.040100377053022385,0.06740609556436539,0.054530151188373566,0.00445015262812376,0.023992884904146194,0.07667244225740433,0.07717575877904892,0.03842383995652199,0.027891503646969795,0.06218778342008591,0.062335338443517685,0.059122536331415176,0.04046580195426941,0.0951644778251648,0.08138997852802277,0.03514568507671356,0.018239108845591545,0.04674329236149788,0.04568839818239212,0.06755819171667099,0.06397340446710587,0.06958892196416855,0.08288843184709549,0.06761924177408218,0.0066801756620407104,0.07813823223114014,0.012976370751857758,0.040812354534864426,0.034331392496824265,0.07281053811311722,0.027549130842089653,0.01577124185860157,0.033107031136751175,0.04411442577838898,0.060338474810123444,0.05789538845419884,0.006789229344576597,0.08974220603704453,0.04479614272713661,0.05987870693206787,0.022112252190709114,0.06153404712677002,0.07039862871170044,0.06089029088616371,0.04814008250832558,0.039180364459753036,0.009158005937933922,0.027578338980674744,0.02700839936733246,0.07077457010746002,0.013657910749316216,0.04113905131816864,0.0827217847108841,0.06416599452495575,0.04751884564757347,0.05583009496331215,0.06271614879369736,0.04412136971950531,0.06761201471090317,0.0558624267578125,0.03501037135720253,0.04743538051843643,0.094219870865345,0.04655679687857628,0.034324586391448975,0.09763612598180771,0.021714581176638603,0.098635733127594,0.0434904471039772,0.07222982496023178,0.04074372351169586,0.017004210501909256,0.12633247673511505,0.034433763474226,0.06632696092128754,0.008147936314344406,0.01449611410498619,0.014539150521159172,0.0521094873547554,0.007817008532583714,0.02149309031665325,0.019817465916275978,0.04416480287909508,0.0310289915651083,0.01879233680665493,0.050733793526887894,0.06419645249843597,0.03379175439476967,0.04470843821763992,0.08581162989139557,0.07147867977619171,0.043176427483558655,0.013438979163765907,0.09280434995889664,0.04638322815299034,0.05640189349651337,0.08228438347578049,0.05612910911440849,0.06724152714014053,0.046750523149967194,0.056237366050481796,0.08142460882663727,0.0539993979036808,0.09583628922700882,0.05876917764544487,0.016820592805743217,0.1293979436159134,0.03905458748340607,0.05770426243543625,0.010403619147837162,0.03870395943522453,0.03743463009595871,0.018090076744556427,0.052717700600624084,0.02578364498913288,0.04665820300579071,0.0450170636177063,0.046971362084150314,0.030675457790493965,0.03383830189704895,0.0352490209043026
